source,week,pos,player,team,opp,role,rush_share,workload,verdict,stack,status,evidence,matchup,note
Bauer,6,QB,Michael Hawkins Jr.,WVU,ARIZ,Rushing QB,,,Great,,,"Top-scoring CFF QB thru 5 wks; 33.1% of WVU rushes, 11 rush TD","ARIZ 216.5 pass ypg (63rd), 100.5 rush ypg (20th); WVU +3 home, 28.75 implied; 60.5 total",The matchup barely matters with his rushing role; has the upside to break any slate he's on.
Bauer,6,QB,Noah Fifita,ARIZ,@WVU,Pocket passer,,,Good,Stack 1-2 pass catchers,Without Tre Spivey (season) and likely Giovanni Richardson (hamstring),"27.4 DK ppg; 73.5% comp, 1,398 pass yds, 13 pass TD, 3 rush TD","WVU 317.8 pass ypg (136th), 10.1 YPA; ARIZ -3 road, 31.75 implied","A perfect spot against a putrid pass defense, but missing his top two pass catchers; play him stacked and find value in the ARIZ pass-catching corps."
Bauer,6,QB,Trinidad Chambliss,MISS,@VAN,Dual-threat,,,Great,,,"70.1% comp, 1,224 pass yds, 8 pass TD, 4 rush TD","VAN 7.4 YPA (70th), 238.8 pass ypg (85th), below-avg pass rush; MISS -10 road, 33.75 implied","On fire coming out of the bye, with the upside to be involved in 5 TDs."
Bauer,6,QB,Conner Weigman,HOU,@KSU,Dual-threat,,,Great,,,"28.8 DK ppg; 1,179 pass yds, 11 pass TD, 1 TWP, 156 rush yds, 6 rush TD","KSU 131.7 pass ypg (4th), 6.7 YPA (46th); HOU +2.5 road, 26.5 implied","Picked up where he left off last year; tough pass defense, but the game could become a back-and-forth shootout."
Bauer,6,QB,Josh Hoover,IND,@NEB,Pocket passer,,,Great,Stack,,"15 pass TD, 0 INT, 71% comp; 2 elite pass catchers","NEB 180.0 pass ypg (25th), 6.0 YPA (13th); IND -8.5 road, 30 implied",A menace through the air with two elite stack partners; expects him to cook despite a solid Nebraska pass defense.
Bauer,6,QB,Avery Johnson,KSU,HOU,Rushing QB,,,Great,,,"66.2% comp, 7 pass TD, 4 TWP; 71.3 rush ypg, 8.3 att/g, 3 rush TD","HOU 295.3 pass ypg (126th), 7.7 YPA (83rd); KSU -2.5 home, 29 implied",Shaky as a passer but hurts defenses with his legs; loves his upside in a likely shootout.
Bauer,6,QB,Drew Mestemaker,OKST,UCF,Pocket passer,,,Great,Stack 1-2 pass catchers,,35.8 DK ppg since Wk2,"UCF 260.8 pass ypg (108th), 6.9 YPA (54th); OKST -10 home, 31.75 implied",Off the bye and expected to torch UCF with two obvious stack partners; a real chance at 5 TDs.
Bauer,6,QB,Anthony Colandrea,NEB,IND,Dual-threat,,,GPP,Stack 1 pass catcher,,"64.8% comp, 8.3 aDOT, 13 pass TD, 2 TWP, 1,142 pass yds, 249 rush yds, 2 rush TD","IND 205.8 pass ypg (43rd), 7.4 YPA (71st); NEB +8.5 home, 21.5 implied",A true GPP play; Indiana's defense hasn't played as well as its reputation and he takes chances.
Bauer,6,QB,Aaron Philo,FLA,SCAR,Pocket passer,,,GPP,Game stack,,"8 pass TD, 0 TWP; FLA 40.48% pass rate (115th)","SCAR 8.3 YPA (103rd), 243.5 pass ypg (90th); FLA -14.5 home, 38 implied (slate high)","Serviceable, but Florida rides Jadan Baugh and Philo may be holding back talented WRs; GPP or game-stack play."
Bauer,6,QB,Arch Manning,TEX,@OKLA,Dual-threat,,,Pass,,,Looks tentative and unsure of himself,"OKLA 122.5 pass ypg (3rd), 6.0 YPA (16th); TEX -9.5 road, 25.5 implied",Not the player we were told he'd be; no interest against a fantastic Oklahoma defense.
Bauer,6,QB,Dylan Raiola,ORE,UCLA,Pocket passer,,,GPP,Stack 1-2 pass catchers,Expected to start with Dante Moore (concussion) likely out,"In relief vs USC: 289 pass yds, 2 pass TD, 7.6 aDOT","UCLA 225.8 pass ypg (71st), 6.7 YPA (45th), below-avg tackling; ORE -11.5 home, 36.5 implied (2nd)",Expects short-area throws to playmakers against a poor-tackling UCLA defense; a good GPP play stacked.
Bauer,6,QB,Marcel Reed,TXAM,@MIZZ,Dual-threat,,,Stack,Game stack only,,"57% comp, 6 pass TD, 8 TWP; 170 rush yds, 2 rush TD","MIZZ 261.8 pass ypg (111th), 7.5 YPA (74th); TXAM +3.5 road, 23 implied",Has been bad this season through the air and on the ground; a game-stack play only.
Bauer,6,QB,LaNorris Sellers,SCAR,@FLA,Rushing QB,,,GPP,,,"24.5 DK ppg; 391 rush yds, 1 rush TD; 60.1% comp, 8 pass TD, 9 TWP","FLA 296.3 pass ypg (128th), 7.8 YPA (85th); SCAR +14.5 road, 23.5 implied",Most of his points come with his legs; a great GPP play against a Florida pass defense getting torched.
Bauer,6,QB,Austin Simmons,MIZZ,TXAM,Pocket passer,,,Stack,Stack 1-2 pass catchers,,"Last wk 340 pass yds, 2 pass TD vs FLA; zero rushing","TXAM 191.8 pass ypg (34th), 7.9 YPA (90th); MIZZ -3.5 home, 26.5 implied",A true pocket passer; a game-stack/GPP play that needs both QBs to play well.
Bauer,6,QB,Katin Houser,ILL,@MSU,Pocket passer,,,GPP,Stack,,"22.1 DK ppg; 11 pass TD, 4 TWP, 106 rush yds; ILL 52.8% pass rate (35th)","MSU 181.0 pass ypg (28th), 7.7 YPA (81st); ILL -3.5 road, 26.5 implied",Has a clear No. 1 option and the upside for 3-4 TDs; a good GPP play stacked.
Bauer,6,QB,Jared Curtis,VAN,MISS,Dual-threat,,,GPP,Stack,Questionable (missed last week),Monster arm; 133 rush yds in 4 apps,"MISS bottom-25 in tackling and coverage; VAN +10 home, 23.75 implied",Assumes he plays (the spread would be wider if he were out); a good GPP play stacked.
Bauer,6,QB,Blaze Berlowitz,VAN,MISS,,,,,,Starts if Curtis is out,,"VAN +10 home, 23.75 implied",Vanderbilt's QB if Jared Curtis can't go.
Bauer,6,QB,John Mateer,OKLA,TEX,,,,Pass,,,Oklahoma's offense is broken,"TEX 171.8 pass ypg (21st), 5.9 YPA (9th); OKLA +9.5 home, 16 implied (slate low)",Won't get fixed against the Longhorns.
Bauer,6,QB,Nico Iamaleava,UCLA,@ORE,Dual-threat,,,Stack,Game stack only,,"4 pass TD, 2 INT; 143 rush yds, 1 rush TD; UCLA 39.78% pass rate (118th)","ORE 150 rush ypg (66th), 4.1 YPC (61st); UCLA +11.5 road, 25 implied",Has taken a backseat to the run game; looking for scrambles and rushing TDs in a game stack only.
Bauer,6,QB,Alberto Mendoza,GT,DUKE,Pocket passer,,,Pass,,,"67.2% comp, 6 pass TD, 5 TWP; -27 rush yds; GT 54.63% pass rate (19th)","DUKE 213.0 pass ypg (58th), 6.3 YPA (30th); GT +7 home, 21.25 implied",Hasn't been good and offers no rushing; hard to see any upside.
Bauer,6,QB,Alessio Milivojevic,MSU,ILL,,,,GPP,Stack,,Has yet to top 20 DK pts,"ILL 261.8 pass ypg (111th), 9.0 YPA (125th); MSU +3.5 home, 23 implied",A desperation GPP play only because Illinois' pass defense has been so bad.
Bauer,6,QB,Holden Geriner,PITT,UNC,,,,Good,,Named starter (Heintschel out for season),Kade Bell's system makes almost any QB productive,"UNC 208.0 pass ypg (47th), 6.9 YPA (53rd); PITT -4 home, 25.25 implied",In play as a salary saver at home despite a tough matchup.
Bauer,6,QB,Keyone Jenkins,UCF,@OKST,,,,Stack,Game stack only,,18.7 DK pts vs HOU last wk,"OKST fast pace should raise UCF's play count; UCF +10 road, 21.75 implied",Only upside is a back-and-forth game; game stacks only.
Bauer,6,QB,Walker Eget,DUKE,@GT,,,,GPP,,,"DUKE 36.41% pass rate (128th), riding Nate Sheppard","DUKE -7 road, 28.25 implied",Doesn't need much to pay off his price and could be involved in 2-3 TDs.
Bauer,6,QB,Billy Edwards Jr.,UNC,@PITT,,,,Pass,,,,,
