source,week,pos,player,team,opp,role,rush_share,workload,verdict,status,evidence,matchup,note
Bauer,6,RB,Nate Sheppard,DUKE,@GT,Workhorse,55.1,25+ touches,Great,,"23 att, 158.8 rush yds, 2.5 rec, 1.5 TD per game","GT 189.3 rush ypg (109th), 4.3 YPC (76th); DUKE off bye","One of the best CFF backs this season; the price is high, but so is the upside."
Bauer,6,RB,Jadan Baugh,FLA,SCAR,Workhorse,49.5,,Good,,"Wk5 dud: 12-13 rushing, 6 DK pts; 35.45 DK ppg before; 19.4 att, 120.2 yds, 2.2 TD per game","SCAR 3.8 YPC (47th), 120.3 rush ypg (37th); FLA -14.5 home, 38 implied","A stud who likely bounces back, though it's fair to ask whether fatigue is setting in; South Carolina is better attacked through the air."
Bauer,6,RB,Cam Cook,WVU,ARIZ,Workhorse,45.8,25 opportunities,Great,,"23.8 att, 130.4 rush yds, 1.4 rec, 1.0 TD per game","ARIZ bottom-30 PFF run D but 100.5 rush ypg (20th), 3.6 YPC; ARIZ traveling for 11am kickoff",As good as you'd expect while Hawkins gets the publicity; likes him a lot.
Bauer,6,RB,Justice Haynes,GT,DUKE,Workhorse,59.3,,Pass,,"18.3 att, 98.3 rush yds, 2.8 rec per game; 4.15 YAC, 5.40 YPC","DUKE 3.0 YPC (18th), 79.3 rush ypg (10th); GT +7 home, 21.25 implied","A secure bell-cow workload, but he expects Duke to stop him."
Bauer,6,RB,Wayne Knight,UCLA,@ORE,Lead,,,Stack,,"12.3 att, 111.3 rush yds, 2 rec, 20.8 rec yds, 2.25 TD per game; 9.10 YPC, 5.88 YAC","ORE 150 rush ypg (66th) but a top-20 graded run D; UCLA +11.5 road, 25 implied",As efficient as it gets and explosive all season; a great game-stack play against the best defense UCLA has faced.
Bauer,6,RB,Kewan Lacy,MISS,@VAN,Lead,,15+ touches,GPP,Probable; recurring injuries,"13.3 att, 59.0 rush yds, 2.3 rec, 1.33 TD per game","VAN 4.1 YPC (58th), 144.8 rush ypg (60th); MISS -10 road",Massive upside when healthy with plenty of scoring chances; in-game re-injury is the risk.
Bauer,6,RB,Lee Beebe Jr.,IND,@NEB,Committee,47.1,,GPP,,"17.8 att, 104.8 rush yds, 0.8 rush TD per game","NEB 101 rush ypg (21st), 3.3 YPC (28th); IND -8.5 road, 30 implied","Leads a committee; hard to project which back has the better game, so he's taking shots on both."
Bauer,6,RB,Turbo Richard,IND,@NEB,Committee,33.3,,GPP,,"5.22 YAC, 9.30 YPC; last wk 204 rush yds, 1 TD vs Rutgers","NEB 101 rush ypg (21st), 3.3 YPC (28th); IND -8.5 road, 30 implied",Fantastic underlying numbers coming off his best game; taking shots on both Indiana backs.
Bauer,6,RB,Jamal Roberts,MIZZ,TXAM,Workhorse,62.9,20+ opportunities,Good,,"Last wk 24-211-3 rushing, 3-29 receiving, 48 DK pts vs FLA","TXAM 4.1 YPC (59th), 121 rush ypg (38th); MIZZ -3.5 home, 26.5 implied",Went nuclear last week and is in line for 20+ opportunities.
Bauer,6,RB,Dierre Hill Jr.,ORE,UCLA,Committee,31.6,,GPP,,"10.5 att, 46.0 rush yds, 3.0 rec, 42.3 rec yds, 0.75 TD per game","UCLA 91.3 rush ypg (14th), 2.7 YPC (12th); ORE -11.5 home, 36.5 implied (2nd)",The dual-threat back whose skills suit DraftKings scoring; Oregon should lean on its RBs with Raiola starting. Lean Hill.
Bauer,6,RB,Jordon Davison,ORE,UCLA,Committee,36.8,,GPP,,"12.3 att, 65.0 rush yds, 0.8 rec, 1.25 TD per game","UCLA 91.3 rush ypg (14th), 2.7 YPC (12th); ORE -11.5 home, 36.5 implied (2nd)","The bruiser in a true committee; a great GPP play, though Bauer leans Hill."
Bauer,6,RB,Matt Fuller,SCAR,@FLA,Lead,37.6,4+ receptions,Good,,"14.2 att, 86.2 rush yds, 2.8 rec, 21.8 rec yds, 1.0 TD per game","FLA 142.5 rush ypg (57th), 4.4 YPC (78th), gashed by Roberts last wk; SCAR +14.5 road",Receiving work keeps him in play as a heavy underdog; vultured by Jabree Coleman last week but dominated snaps.
Bauer,6,RB,Caleb Hawkins,OKST,UCF,Workhorse,51.9,22+ opportunities,Great,,"20.8 att, 110.3 rush yds, 2.8 rec, 0.5 TD per game","UCF 3.3 YPC (27th), 123.3 rush ypg (45th); OKST -10 home off bye, 31.75 implied",A true bell cow with passing-game work; not worried about the matchup.
Bauer,6,RB,Re'Shaun Sanford II,HOU,@KSU,Committee,27.1,,Stack,,"Last wk out-snapped Hughes and had 8 more carries (62 rush yds); 11.0 att, 62.8 rush yds, 21.0 rec yds per game","KSU 155.7 rush ypg (70th), 4.6 YPC (94th); HOU +2.5 road, 26.5 implied","Thinks the backfield is flipping to Sanford, who has looked better; a game-stack play."
Bauer,6,RB,Makhi Hughes,HOU,@KSU,Committee,32.5,,Pass,,"13.2 att, 61.8 rush yds, 16.0 rec yds per game; last wk 10-27","KSU 155.7 rush ypg (70th), 4.6 YPC (94th); HOU +2.5 road","Still leads in rush share, but expects more Sanford."
Bauer,6,RB,Hollywood Smothers,TEX,@OKLA,Split,27.0,,Pass,Questionable; expected to play,TEX 3.6 YPC as a team,"OKLA 3.2 YPC, 115.5 rush ypg (33rd); TEX -9.5 road, 25.5 implied",A true split with Brown in a likely Red River rock fight; avoiding this backfield.
Bauer,6,RB,Raleek Brown,TEX,@OKLA,Split,31.6,,Pass,,TEX 3.6 YPC as a team,"OKLA 3.2 YPC, 115.5 rush ypg (33rd); TEX -9.5 road, 25.5 implied",A true split with Smothers in a likely Red River rock fight; avoiding this backfield.
Bauer,6,RB,Ja'Kyrian Turner,PITT,UNC,Lead,,20+ touches (5-7 receiving),Great,Returned from injury last week,"Last wk led backfield: 14-65 rushing, 6-35 receiving, 1 TD; 9 rec in 2 games, 2.62 YPRR","UNC 177.7 rush ypg (102nd), 4.4 YPC (83rd); PITT -4 home",Kade Bell's system throws to its backs and Turner excels at it; the clear leader despite three Pitt RBs scoring last week.
Bauer,6,RB,Kedrick Reescano,ARIZ,@WVU,Lead,38.5,,Stack,,"12.0 att, 43.6 rush yds, 1.6 rec, 0.6 TD per game; last wk 21-57-1","WVU 173.5 rush ypg (98th), 4.6 YPC (88th); ARIZ -3 road, 31.75 implied",Arizona's bell cow; their 47% rush rate could rise with the WR injuries. A game-stack play.
Bauer,6,RB,Joe Jackson,KSU,HOU,Committee,24.5,,Stack,,"9.3 att, 47.3 rush yds, 2.8 rec, 26.5 rec yds per game","HOU 83.3 rush ypg (11th), 3.2 YPC (22nd), a pass-funnel D; KSU -2.5 home",The receiving back in a committee; taking some game-stack shots on him. Lean Jackson.
Bauer,6,RB,Rodney Fields Jr.,KSU,HOU,Committee,32.5,,Stack,,"12.3 att, 68.5 rush yds, 1.0 TD per game; 1.0 rec","HOU 83.3 rush ypg (11th), 3.2 YPC (22nd), a pass-funnel D; KSU -2.5 home",The grinder in a committee against a tough run defense; Bauer leans Jackson.
Bauer,6,RB,Jaziun Patterson,MSU,ILL,Lead,,16-18 touches,GPP,Lead back with Cam Edwards out for season,"Wk5 led in rush snaps, 18-62; 2.39 YAC","ILL 151.3 rush ypg (68th), 4.1 YPC; MSU +3.5 home, 23 implied","Not breaking tackles, but carrying the load; in play for GPPs."
Bauer,6,RB,Aidan Laughery,ILL,@MSU,Lead,32.4,15-19 touches,GPP,Lead back with Ca'Lil Valentine out for season,"7.10 YPC, 2.82 YAC","MSU 4.2 YPC (69th), 144.8 rush ypg (61st); ILL -3.5, 26.5 implied",A clear path to the lead role with Jordan Anderson mixing in; a great GPP play at his price.
Bauer,6,RB,Rueben Owens II,TXAM,@MIZZ,Committee,,,Pass,,"14.0 att, 58.2 rush yds, 0.2 TD per game; last wk 14-43","TXAM +3.5 road, 23 implied",A&M can't get consistent run production; KJ Edwards (11-66-2 last week) and Carsyn Baker muddy it further.
Bauer,6,RB,Lloyd Avant,OKLA,TEX,Lead,33.1,,Pass,,"10.5 att, 40.8 rush yds, 1.5 rec per game",41.5 game total; OKLA 16 implied,"The clear leader, but in a Red River rock fight with a 16-point implied total."
Bauer,6,RB,Duke Watson,UCF,@OKST,Lead,33.6,,Stack,,"9.6 att, 80.8 rush yds, 0.6 TD per game; 8.40 YPC","OKST 186.3 rush ypg (107th), 4.3 YPC (75th); UCF +10 road",A home-run hitter who can speed any game up; a great game-stack play and a good GPP play.
Bauer,6,RB,Sedrick Alexander,VAN,MISS,Committee,28.5,,Pass,,"9.0 att, 40.0 rush yds, 1.4 rec, 0.8 TD per game","MISS 4.6 YPC (98th), 194.8 rush ypg (115th); VAN +10 home",Shares the backfield with Makhilyn Young (21.5%); hard to trust outside game stacks.
Bauer,6,RB,Benjamin Hall,UNC,@PITT,Lead,39.4,,Pass,,Leads UNC backfield (June 28.4%),"PITT 61.8 rush ypg (4th), 2.2 YPC (4th); UNC +4 road, 21.25 implied",Not trying either UNC back on the road against a tough Pitt run defense.
Bauer,6,RB,Demon June,UNC,@PITT,Committee,28.4,,Pass,,,"PITT 61.8 rush ypg (4th), 2.2 YPC (4th); UNC +4 road",Not trying either UNC back against a tough Pitt run defense.
Bauer,6,RB,Jamal Rule,NEB,IND,Lead,,,Stack,Expected to play,"333 rush yds, 5 rush TD, 4-82 receiving in about 3 games (vs Ohio, BGSU, ND)","IND 2.4 YPC (7th), 77.3 rush ypg (8th); NEB +8.5 home, 21.5 implied","A huge boost if he plays, but Indiana is a different beast; in on Rule (and Colandrea) only if you think NEB keeps it close. Game stack/GPP."
