Player Details,Player Details,Player Details,Player Details,Player Details,Weeks,Weeks,Weeks,Total
Rank,Name,Team,Position,Games,1,2,3,Total
1,Ja'Marr Chase,CIN,WR,3,97.3,94.4,100,97.3
2,DK Metcalf,PIT,WR,3,95.3,95.7,94.6,95.2
3,Michael Wilson,ARZ,WR,3,89.7,100,96.3,95.2
4,Brock Bowers,LV,TE,1,,,94.6,94.6
5,DeVonta Smith,PHI,WR,3,87.9,95.2,93.5,92.5
6,Tetairoa McMillan,CAR,WR,3,90.7,89.7,92.2,91
7,Amon-Ra St. Brown,DET,WR,3,95.1,95.5,77.8,90.1
8,Devaughn Vele,NO,WR,3,87.3,87.2,95.6,89.8
9,Jordan Addison,MIN,WR,3,80,87.5,97.1,88.6
10,Terry McLaurin,WAS,WR,3,92.1,81,91.4,87.8
11,Jameson Williams,DET,WR,3,90.2,93.2,77.8,87.6
12,Jaxon Smith-Njigba,SEA,WR,3,96.3,81.5,85.1,87.1
13,Malik Washington,MIA,WR,3,97.3,75,83.3,86
14,Rashod Bateman,BLT,WR,3,86.7,81.6,90.9,85.6
15,Chris Olave,NO,WR,3,81,87.2,88.9,85
16,Garrett Wilson,NYJ,WR,3,80.8,75.5,97.7,84.9
17,Carnell Tate,TEN,WR,3,84.6,75,91.7,84.8
18,Marvin Harrison,ARZ,WR,3,84.6,87.1,83.3,84.7
19,Sam LaPorta,DET,TE,3,80.5,90.9,80.6,84.3
20,Denzel Boston,CLV,WR,3,90,77.1,84.2,83.5
21,Nico Collins,HST,WR,1,83.3,,,83.3
22,Josh Downs,IND,WR,3,85.3,84.8,80.5,83.3
23,Matthew Golden,GB,WR,3,87,81.3,79.6,82.6
24,Isaiah Williams,NYJ,WR,3,65.4,79.6,95.5,82.4
25,Tyler Warren,IND,TE,3,82.4,75.8,87.8,82.4
26,Tee Higgins,CIN,WR,3,81.1,69.4,95,82.3
27,Xavier Worthy,KC,WR,3,81.8,84.3,76,81.7
28,Trey McBride,ARZ,TE,3,87.2,74.2,81.5,81.5
29,George Pickens,DAL,WR,3,80.6,75,86.7,81.2
30,Jakobi Meyers,JAX,WR,3,66.7,90.3,81.3,80.5
31,CeeDee Lamb,DAL,WR,3,77.8,77.8,84.4,80.3
32,Cade Otton,TB,TE,3,80.6,75,84.8,80.3
33,Makai Lemon,PHI,WR,3,84.8,73.8,83.9,80.2
34,Courtland Sutton,DEN,WR,3,69.7,83.9,85.7,79.8
35,Chris Godwin,TB,WR,3,83.3,80,76.1,79.5
36,Christian Watson,GB,WR,3,80.4,81.3,77.8,79.5
37,Wan'Dale Robinson,TEN,WR,3,84.6,66.7,80.6,78.8
38,Isaiah Likely,NYG,TE,3,67.6,85.3,84.6,78.7
39,Parker Washington,JAX,WR,3,62.5,87.1,81.3,78.2
40,Quentin Johnston,LAC,WR,3,74.3,74.2,84.2,77.9
41,Emeka Egbuka,TB,WR,3,80.6,77.5,76.1,77.9
42,Harold Fannin,CLV,TE,3,73.3,74.3,84.2,77.7
43,Michael Pittman,PIT,WR,2,83.7,,70.3,77.5
44,Davante Adams,LA,WR,3,69,72.7,83.3,77
45,Caleb Douglas,MIA,WR,2,81.1,71.4,,76.9
46,KC Concepcion,CLV,WR,3,63.3,74.3,89.5,76.7
47,Michael Mayer,LV,TE,3,77.4,75,75.7,76
48,Adonai Mitchell,NYJ,WR,2,76.9,75.5,,76
49,Jaylen Waddle,DEN,WR,3,81.8,71,74.3,75.8
50,Darnell Mooney,NYG,WR,3,73.5,88.2,61.5,75.5
51,Malik Nabers,NYG,WR,3,67.6,82.4,76.9,75.5
52,Tre Tucker,LV,WR,3,87.1,65.6,73,75
53,Rashee Rice,KC,WR,3,81.8,70.6,72,74.3
54,Jerry Jeudy,CLV,WR,3,80,65.7,76.3,73.8
55,Dontayvion Wicks,PHI,WR,3,81.8,64.3,77.4,73.6
56,Drake London,ATL,WR,3,92.3,53.8,84,73.3
57,DeMario Douglas,NE,WR,3,76.2,66.7,73,72.6
58,Dalton Schultz,HST,TE,3,73.8,74.6,64.5,72.1
59,Kendrick Bourne,ARZ,WR,3,74.4,74.2,68.5,71.8
60,Travis Kelce,KC,TE,3,72.7,70.6,72,71.6
61,Bryce Lance,NO,WR,3,69.8,69.2,75.6,71.4
62,Kayshon Boutte,HST,WR,3,61.9,73,80.6,71.3
63,Brenton Strange,JAX,TE,3,58.3,80.6,71.9,71.3
64,Xavier Hutchinson,HST,WR,3,64.3,77.8,64.5,70.6
65,T.J. Hockenson,MIN,TE,3,70,75,67.6,70.5
66,Rome Odunze,CHI,WR,3,55.3,81,74.3,70.4
67,Colston Loveland,CHI,TE,3,84.2,61.9,65.7,70.4
68,Romeo Doubs,NE,WR,3,69,74.1,67.6,69.8
69,Luther Burden,CHI,WR,3,68.4,64.3,77.1,69.6
70,Ryan Flournoy,DAL,WR,3,63.9,77.8,66.7,69.2
71,Tre Harris,LAC,WR,3,74.3,71,63.2,69.2
72,Puka Nacua,LA,WR,1,69,,,69
73,Ted Hurst,TB,WR,3,77.8,55,73.9,68.9
74,Juwan Johnson,NO,TE,3,77.8,56.4,64.4,68
75,Jahan Dotson,ATL,WR,3,61.5,79.5,56,67.8
76,Isaac TeSlaa,DET,WR,3,73.2,75,52.8,67.8
77,Keenan Allen,IND,WR,3,73.5,57.6,70.7,67.6
78,Dalton Kincaid,BUF,TE,3,65.6,65.8,71,67.3
79,AJ Barner,SEA,TE,3,63,66.7,70.2,67.3
80,Ladd McConkey,LAC,WR,3,48.6,67.7,84.2,67.3
81,Jauan Jennings,MIN,WR,2,56.7,,76.5,67.2
82,Malachi Fields,NYG,WR,3,55.9,76.5,65.4,66
83,Roman Wilson,PIT,WR,3,60.5,84.8,48.6,65.9
84,Pat Bryant,DEN,WR,3,57.6,67.7,71.4,65.7
85,Mark Andrews,BLT,TE,3,70,65.8,59.1,65.6
86,Kalif Raymond,CHI,WR,3,57.9,71.4,65.7,65.2
87,Ashton Jeanty,LV,RB,3,61.3,75,59.5,65
88,Stefon Diggs,WAS,WR,3,65.8,52.4,77.1,64.3
89,Jalen Coker,CAR,WR,3,81.4,84.6,33.3,63.9
90,Gunnar Helm,TEN,TE,3,56.4,70.8,66.7,63.6
91,Jake Ferguson,DAL,TE,3,69.4,55.6,64.4,63.2
92,Deebo Samuel,SF,WR,3,44.4,80,71.4,62.9
93,Tucker Kraft,GB,TE,3,47.8,75,68.5,62.9
94,Cooper Kupp,SEA,WR,3,74.1,44.4,66,62.4
95,Hunter Henry,NE,TE,3,52.4,77.8,62.2,62.3
96,Pat Freiermuth,PIT,TE,3,72.1,56.5,56.8,61.9
97,Christian McCaffrey,SF,RB,3,52.8,48,85.7,61.8
98,George Kittle,SF,TE,3,47.2,52,89.3,61.8
99,Tyquan Thornton,KC,WR,3,69.7,60.8,52,61.5
100,Justin Jefferson,MIN,WR,3,96.7,95.8,5.9,61.4
101,Rashid Shaheed,SEA,WR,3,70.4,77.8,46.8,61.4
102,Mack Hollins,NE,WR,3,50,74.1,64.9,61.3
103,Xavier Legette,CAR,WR,2,60.5,61.5,,61
104,Khalil Shakir,BUF,WR,3,65.6,52.6,64.5,60.4
105,Andrei Iosivas,CIN,WR,2,62.2,58.3,,60.3
106,Jalen Nailor,LV,WR,3,58.1,56.3,64.9,60
107,Mike Evans,SF,WR,3,63.9,72,42.9,59.6
108,Sterling Shepard,NYJ,WR,1,,,59.1,59.1
109,Konata Mumpfield,LA,WR,3,34.5,60.6,70,59
110,Kyle Pitts,ATL,TE,3,76.9,43.6,64,58.9
111,Tai Felton,MIN,WR,1,,,58.8,58.8
112,Elic Ayomanor,TEN,WR,3,48.7,50,75,58.6
113,Jonathan Taylor,IND,RB,3,58.8,48.5,65.9,58.3
114,Keon Coleman,BUF,WR,3,53.1,68.4,48.4,57.4
115,Laquon Treadwell,IND,WR,3,17.6,72.7,75.6,56.5
116,Chuba Hubbard,CAR,RB,3,58.1,41,66.7,56.4
117,Greg Dulcich,MIA,TE,3,59.5,50,57.1,56.1
118,Evan Engram,DEN,TE,3,60.6,35.5,68.6,55.6
119,DJ Moore,BUF,WR,3,75,23.7,74.2,55.4
120,Jahmyr Gibbs,DET,RB,3,41.5,68.2,55.6,55.4
121,Brian Thomas,JAX,WR,3,50,71,43.8,55.2
122,Chris Bell,MIA,WR,3,51.4,39.3,64.3,53.3
123,Rhamondre Stevenson,NE,RB,3,64.3,37,51.4,52.8
124,Chig Okonkwo,WAS,TE,1,52.6,,,52.6
125,Mike Gesicki,CIN,TE,3,45.9,50,57.5,51.3
126,Chase Brown,CIN,RB,3,54.1,44.4,55,51.3
127,Bijan Robinson,ATL,RB,3,80.8,30.8,48,50
128,Ja'Kobi Lane,BLT,WR,1,50,,,50
129,Darren Waller,CAR,TE,3,37.2,56.4,54.9,49.6
130,Jaylen Warren,PIT,RB,3,30.2,52.2,67.6,49.2
131,Justice Hill,BLT,RB,3,53.3,44.7,50,48.9
132,Cam Skattebo,NYG,RB,3,29.4,55.9,65.4,48.9
133,Kyren Williams,LA,RB,3,69,42.4,41.7,48.4
134,Zay Flowers,BLT,WR,2,36.7,,63.6,48.1
135,Javonte Williams,DAL,RB,3,55.6,33.3,53.3,47.9
136,Kenneth Walker,KC,RB,3,45.5,45.1,56,47.7
137,Bucky Irving,TB,RB,3,58.3,55,32.6,47.5
138,Jaylin Noel,HST,WR,3,33.3,61.9,35.5,47.1
139,Dyami Brown,WAS,WR,3,57.9,57.1,22.9,47
140,Mason Taylor,NYJ,TE,2,57.7,40.8,,46.7
141,Kenyon Sadiq,NYJ,TE,3,46.2,36.7,56.8,46.2
142,De'Von Achane,MIA,RB,3,78.4,67.9,2.4,45.8
143,Kevin Coleman,MIA,WR,3,35.1,42.9,57.1,45.8
144,Dallas Goedert,PHI,TE,2,72.7,23.8,,45.3
145,James Cook,BUF,RB,3,50,50,32.3,44.6
146,Calvin Ridley,TEN,WR,3,59,50,25,44.4
147,RJ Harvey,DEN,RB,2,42.4,,45.7,44.1
148,Dawson Knox,BUF,TE,3,37.5,42.1,51.6,43.6
149,Rachaad White,WAS,RB,3,36.8,54.8,37.1,43.5
150,Xavier Smith,LA,WR,3,31,48.5,46.7,43.4
151,Demarcus Robinson,SF,WR,2,52.8,28,,42.6
152,Oronde Gadsden,LAC,TE,3,14.3,45.2,65.8,42.3
153,Aaron Jones,MIN,RB,3,23.3,41.7,58.8,42
154,Ty Johnson,BUF,RB,1,,,41.9,41.9
155,Tyler Allgeier,ARZ,RB,3,38.5,54.8,37,41.9
156,Alec Pierce,IND,WR,2,64.7,18.2,,41.8
157,David Montgomery,HST,RB,3,35.7,41.3,48.4,41.2
158,Jared Wayne,HST,WR,3,16.7,49.2,58.1,41.2
159,Tommy Tremble,CAR,TE,3,44.2,43.6,35.3,40.6
160,Tyler Higbee,LA,TE,3,13.8,6.1,71.7,40.2
161,Olamide Zaccheaus,ATL,WR,3,34.6,48.7,32,40
162,Cole Kmet,CHI,TE,3,47.4,33.3,40,40
163,Jayden Reed,GB,WR,2,63,6.3,,39.7
164,LaJohntay Wester,BLT,WR,3,40,52.6,13.6,38.9
165,KhaDarel Hodge,SF,WR,2,,24,50,37.7
166,Josh Palmer,BUF,WR,3,37.5,36.8,38.7,37.6
167,Tyjae Spears,TEN,RB,3,35.9,29.2,44.4,37.4
168,Germie Bernard,PIT,WR,3,7,76.1,24.3,37.3
169,Devin Singletary,NYG,RB,2,50,23.5,,36.8
170,Chris Moore,BLT,WR,3,23.3,47.4,36.4,36.7
171,Antonio Williams,WAS,WR,3,28.9,54.8,22.9,36.5
172,David Njoku,LAC,WR,2,48.6,22.6,,36.4
173,De'Zhaun Stribling,SF,WR,1,36.1,,,36.1
174,Quinshon Judkins,CLV,RB,3,43.3,34.3,31.6,35.9
175,Will Shipley,PHI,RB,3,21.2,57.1,22.6,35.8
176,D'Andre Swift,CHI,RB,3,21.1,42.9,42.9,35.7
177,John Metchie,CAR,WR,2,,10.3,54.9,35.6
178,Zach Ertz,PHI,TE,1,,,35.5,35.5
179,Jeremiyah Love,ARZ,RB,3,38.5,25.8,38.9,35.5
180,Drew Sample,CIN,TE,3,37.8,33.3,35,35.4
181,Woody Marks,HST,RB,3,38.1,36.5,29,35.3
182,Treylon Burks,WAS,WR,2,,23.8,48.6,35.1
183,Devontez Walker,BLT,WR,2,,36.8,31.8,35
184,Raheim Sanders,CLV,RB,3,43.3,20,42.1,35
185,Jack Bech,LV,WR,3,38.7,56.3,13.5,35
186,Darnell Washington,PIT,TE,3,34.9,23.9,48.6,34.9
187,Brycen Tremayne,CAR,WR,3,14,2.6,76.5,34.6
188,Breece Hall,NYJ,RB,3,30.8,38.8,31.8,34.5
189,Terrance Ferguson,LA,TE,3,41.4,66.7,13.3,34.4
190,Skyy Moore,GB,WR,3,6.5,50,48.1,34.1
191,Luke Farrell,SF,TE,3,38.9,44,17.9,33.7
192,A.J. Brown,NE,WR,1,33.3,,,33.3
193,Bhayshul Tuten,JAX,RB,3,33.3,35.5,31.3,33.3
194,Colby Parkinson,LA,TE,3,62.1,30.3,20,32.8
195,Myles Price,MIN,WR,2,,66.7,8.8,32.8
196,TreVeyon Henderson,NE,RB,2,,40.7,27,32.8
197,Travis Etienne,NO,RB,3,36.5,33.3,26.7,32.7
198,Ben Sinnott,WAS,TE,3,26.3,40.5,28.6,32.2
199,Braelon Allen,NYJ,RB,3,38.5,22.4,38.6,31.9
200,Charlie Kolar,LAC,TE,2,31.4,32.3,,31.8
201,Keaton Mitchell,LAC,RB,3,31.4,25.8,36.8,31.7
202,Kenny Gainwell,TB,RB,3,33.3,30,30.4,31.1
203,Chris Brooks,GB,RB,3,21.7,34.4,37,31.1
204,Dohnte Meyers,CIN,WR,3,10.8,19.4,60,31
205,Elijah Arroyo,SEA,TE,3,25.9,40.7,27.7,30.7
206,Rico Dowdle,PIT,RB,2,48.8,13,,30.3
207,Jordan Whittington,LA,WR,2,44.8,,23.3,30.3
208,Samaje Perine,CIN,RB,3,21.6,36.1,32.5,30.1
209,Noah Fant,NO,TE,3,28.6,25.6,35.6,29.9
210,George Holani,SEA,RB,3,25.9,37,27.7,29.7
211,Kyle Williams,NE,WR,3,14.3,33.3,43.2,29.2
212,Derrick Henry,BLT,RB,3,16.7,31.6,40.9,28.9
213,Jordan Watkins,SF,WR,1,,,28.6,28.6
214,Noah Gray,KC,TE,3,33.3,25.5,28,28.4
215,Ollie Gordon,MIA,RB,3,2.7,17.9,57.1,28
216,J. Sturdivant,GB,WR,2,,18.8,33.3,27.9
217,Austin Hooper,ATL,TE,3,15.4,46.2,12,27.8
218,Charlie Woerner,ATL,TE,3,30.8,28.2,24,27.8
219,Theo Johnson,NYG,TE,3,38.2,17.6,26.9,27.7
220,Jadarian Price,SEA,RB,3,40.7,29.6,19.1,27.7
221,Johnny Mundt,PHI,TE,3,12.1,38.1,29,27.4
222,Tony Pollard,TEN,RB,3,17.9,37.5,30.6,27.3
223,Tutu Atwell,LA,WR,1,,27.3,,27.3
224,Durham Smythe,BLT,TE,3,30,28.9,18.2,26.7
225,Jonnu Smith,GB,TE,3,37,9.4,27.8,26.5
226,Saquon Barkley,PHI,RB,3,27.3,11.9,45.2,26.4
227,Tez Johnson,TB,WR,3,13.9,40,23.9,26.2
228,Jeremy Ruckert,NYJ,TE,3,19.2,20.4,36.4,26.1
229,Colson Yankoff,WAS,TE,3,5.3,38.1,34.3,26.1
230,Kyle Monangai,CHI,RB,3,39.5,14.3,25.7,26.1
231,Jacob Cowing,SF,WR,3,8.3,28,46.4,25.8
232,Matthew Hibner,BLT,TE,3,16.7,26.3,36.4,25.6
233,Alvin Kamara,NO,RB,2,,23.1,26.7,25
234,Brock Wright,DET,TE,3,14.6,11.4,50,24
235,John Bates,WAS,TE,3,23.7,11.9,37.1,23.5
236,Chris Blair,ATL,WR,3,7.7,43.6,8,23.3
237,Jordan Mason,MIN,RB,1,23.3,,,23.3
238,Blake Whiteheart,CLV,TE,3,30,22.9,18.4,23.3
239,Sione Vaki,DET,RB,3,41.5,15.9,11.1,23.1
240,Omarion Hampton,LAC,RB,3,28.6,25.8,15.8,23.1
241,Brenen Thompson,LAC,WR,2,22.9,22.6,,22.7
242,Jacory Croskey-Merritt,WAS,RB,3,34.2,9.5,25.7,22.6
243,Troy Franklin,DEN,WR,3,24.2,25.8,17.1,22.2
244,Mitchell Evans,CAR,TE,3,18.6,30.8,17.6,21.8
245,Nate Boerkircher,JAX,TE,3,29.2,22.6,15.6,21.8
246,Kaelon Black,SF,RB,3,30.6,24,7.1,21.3
247,Bo Melton,GB,WR,3,13,12.5,33.3,21.2
248,Adam Trautman,DEN,TE,3,21.2,19.4,20,20.2
249,Kaleb Johnson,GB,RB,2,,9.4,25.9,19.8
250,Tyler Badie,DEN,RB,2,,22.6,17.1,19.7
251,Josh Cameron,JAX,WR,3,25,9.7,25,19.5
252,Jonah Coleman,DEN,RB,1,,19.4,,19.4
253,Emmett Johnson,KC,RB,3,21.2,19.6,16,19.3
254,Foster Moreau,HST,TE,3,23.8,11.1,29,19.1
255,Brian Robinson,ATL,RB,3,7.7,28.2,16,18.9
256,MarShawn Lloyd,GB,RB,3,15.2,21.9,20.4,18.9
257,Eli Raridon,NE,TE,2,19,18.5,,18.8
258,Jonathon Brooks,CAR,RB,2,11.6,25.6,,18.3
259,Kimani Vidal,LAC,RB,3,8.6,16.1,28.9,18.3
260,Josh Oliver,MIN,TE,3,30,12.5,11.8,18.2
261,Marvin Mims,DEN,WR,1,18.2,,,18.2
262,Malik McClain,NYJ,WR,1,,,18.2,18.2
263,Blake Corum,LA,RB,3,6.9,21.2,21.7,18
264,Emanuel Wilson,SEA,RB,3,3.7,14.8,27.7,17.8
265,Will Kacmarek,MIA,TE,3,13.5,28.6,14.3,17.8
266,Ashton Dulin,IND,WR,1,17.6,,,17.6
267,Tory Horton,SEA,WR,2,,14.8,19.1,17.6
268,Payne Durham,TB,TE,1,,,17.4,17.4
269,Jahdae Walker,CHI,WR,3,36.8,9.5,5.7,17.4
270,Daniel Bellinger,TEN,TE,3,12.8,20.8,19.4,17.2
271,Cody White,LV,WR,3,16.1,18.8,16.2,17
272,Tanner Hudson,CIN,TE,2,10.8,,22.5,16.9
273,Zachariah Branch,ATL,WR,3,15.4,15.4,20,16.7
274,E.J. Jenkins,PHI,TE,2,,21.4,9.7,16.4
275,Jimmy Horn,CAR,WR,1,16.3,,,16.3
276,Nate Adkins,DEN,TE,3,6.1,19.4,22.9,16.2
277,Brevyn Spann-Ford,DAL,TE,3,22.2,13.9,13.3,16.2
278,Elijah Higgins,ARZ,TE,3,12.8,9.7,22.2,16.1
279,Josh Cuevas,BLT,TE,3,6.7,10.5,36.4,15.6
280,Darius Cooper,PHI,WR,3,6.1,28.6,6.5,15.1
281,Chris Rodriguez,JAX,RB,3,29.2,12.9,6.3,14.9
282,LeQuint Allen,JAX,RB,3,4.2,29,9.4,14.9
283,Lewis Bond,HST,WR,2,,15.9,12.9,14.9
284,Davis Allen,LA,TE,3,13.8,18.2,13.3,14.8
285,Luke Schoonmaker,DAL,TE,3,13.9,19.4,11.1,14.5
286,Marquise Brown,PHI,WR,1,,14.3,,14.3
287,J.K. Dobbins,DEN,RB,3,15.2,12.9,14.3,14.1
288,Eric Saubert,SEA,TE,3,11.1,14.8,14.9,13.9
289,Tanner Arkin,NE,TE,1,,,13.5,13.5
290,Hayden Rucci,LAC,TE,1,,,13.2,13.2
291,Sam Roush,CHI,TE,3,13.2,16.7,8.6,13
292,Chris Manhertz,NYG,TE,3,8.8,14.7,15.4,12.8
293,Braxton Berrios,NYG,WR,3,11.8,8.8,19.2,12.8
294,Ian Thomas,LV,TE,2,3.2,21.9,,12.7
295,Quintin Morris,JAX,TE,3,25,9.7,6.3,12.6
296,Derius Davis,LAC,WR,3,25.7,9.7,2.6,12.5
297,Erick All,CIN,TE,3,13.5,11.1,12.5,12.4
298,Jaylin Lane,WAS,WR,3,18.4,11.9,5.7,12.2
299,Mo Alie-Cox,IND,TE,3,8.8,12.1,14.6,12
300,Kendre Miller,NO,RB,2,7.9,,17.8,12
301,Jonathan Mingo,DAL,WR,3,19.4,11.1,6.7,12
302,Odell Beckham,NYG,WR,3,14.7,5.9,15.4,11.7
303,Tylan Wallace,CLV,WR,3,6.7,11.4,15.8,11.7
304,Hunter Long,ARZ,TE,3,12.8,9.7,11.1,11.3
305,Jake Tonges,SF,TE,1,11.1,,,11.1
306,Tyler Goodson,DAL,RB,1,,,11.1,11.1
307,KaVontae Turpin,DAL,WR,3,13.9,8.3,11.1,11.1
308,Cade Stover,HST,TE,2,9.5,,12.9,11
309,Mike Washington,LV,RB,3,9.7,12.5,10.8,11
310,Malik Benson,LV,WR,3,12.9,12.5,8.1,11
311,Jackson Hawes,BUF,TE,3,6.3,15.8,9.7,10.9
312,Efton Chism,NE,WR,2,,3.7,16.2,10.9
313,CJ Donaldson,NO,RB,3,11.1,12.8,8.9,10.9
314,Deion Burks,IND,WR,2,,3,17.1,10.8
315,Ronnie Rivers,LA,RB,1,10.3,,,10.3
316,Jelani Woods,NYJ,TE,3,7.7,4.1,18.2,10.1
317,Elijah Moore,PHI,WR,1,,,9.7,9.7
318,Nick Muse,ATL,TE,2,,12.8,4,9.4
319,Ray Davis,BUF,RB,3,9.4,7.9,9.7,8.9
320,Jackson Meeks,DET,TE,2,,2.3,16.7,8.8
321,Ryan Miller,MIA,WR,2,,7.1,9.5,8.6
322,Frank Gore,BUF,RB,2,9.4,7.9,,8.6
323,Tank Bigsby,PHI,RB,3,3,14.3,6.5,8.5
324,Najee Harris,NYG,RB,2,,5.9,11.5,8.3
325,Andrew Ogletree,IND,TE,3,2.9,15.2,7.3,8.3
326,Oscar Delp,NO,TE,2,,7.7,8.9,8.3
327,Demond Claiborne,MIN,RB,1,,8.3,,8.3
328,Jaleel McLaughlin,CLV,RB,2,,11.4,5.3,8.2
329,DeeJay Dallas,MIN,RB,3,13.3,8.3,2.9,8
330,Dylan Laube,LV,RB,3,16.1,6.3,2.7,8
331,Travis Hunter,JAX,WR,3,8.3,6.5,9.4,8
332,Jalen Royals,KC,WR,2,,7.8,8,7.9
333,Jalen Tolbert,MIA,WR,1,,,7.1,7.1
334,Dareke Young,LV,WR,3,3.2,6.3,10.8,7
335,Mark Redman,GB,TE,3,4.3,12.5,5.6,6.8
336,Isaiah Bond,CLV,WR,3,13.3,5.7,2.6,6.8
337,Lil'Jordan Humphrey,DEN,WR,1,,6.5,,6.5
338,Seth McGowan,IND,RB,3,11.8,3,4.9,6.5
339,AJ Dillon,CAR,RB,2,4.7,,7.8,6.4
340,Jake Briningstool,KC,TE,3,6.1,7.8,4,6.4
341,Treyton Welch,NO,TE,1,6.3,,,6.3
342,Colbie Young,CIN,WR,3,5.4,11.1,2.5,6.2
343,Chimere Dike,TEN,WR,3,7.7,4.2,5.6,6.1
344,Ben Skowronek,PIT,WR,2,,4.3,8.1,6
345,David Moore,CAR,WR,1,,,5.9,5.9
346,Ameer Abdullah,JAX,RB,3,4.2,3.2,9.4,5.7
347,Bauer Sharp,TB,TE,3,2.8,5,8.7,5.7
348,Kevin Austin,NO,WR,3,6.3,5.1,4.4,5.4
349,Keleki Latu,BUF,TE,3,3.1,5.3,6.5,5
350,Lan Larison,NE,RB,1,4.8,,,4.8
351,Cyrus Allen,KC,WR,2,3,5.9,,4.8
352,Tyler Conklin,DET,TE,2,4.9,4.5,,4.7
353,Feleipe Franks,CAR,TE,1,4.7,,,4.7
354,Cameron Latu,NE,TE,2,,7.4,2.7,4.7
355,Jaylen Wright,MIA,RB,2,5.4,3.6,,4.6
356,Emari Demercado,DAL,RB,2,5.6,2.8,,4.2
357,Nicholas Singleton,TEN,RB,1,,4.2,,4.2
358,Brayden Willis,SF,TE,1,,4,,4
359,Brashard Smith,KC,RB,1,,,4,4
360,Jordan James,SF,RB,1,,4,,4
361,Corey Kiner,NE,RB,2,2.4,,5.4,3.8
362,Omar Cooper,NYJ,WR,1,3.8,,,3.8
363,Marlin Klein,HST,TE,3,4.8,1.6,6.5,3.7
364,Robert Tonyan,PIT,TE,2,,2.2,5.4,3.6
365,Jalen McMillan,TB,WR,2,,5,2.2,3.5
366,Chris Myarick,LV,TE,1,3.2,,,3.2
367,Greg Dortch,BUF,WR,1,,,3.2,3.2
368,Jalen Brooks,ARZ,WR,2,2.6,,3.7,3.2
369,Zavion Thomas,CHI,WR,1,,,2.9,2.9
370,Barion Brown,NO,WR,2,3.2,2.6,,2.9
371,Carsen Ryan,CLV,TE,1,,2.9,,2.9
372,Travis Homer,PIT,RB,1,,,2.7,2.7
373,Arian Smith,NYJ,WR,2,3.8,2,,2.7
374,Marquez Valdes-Scantling,LAC,WR,1,,,2.6,2.6
375,Kaden Davis,CHI,WR,1,2.6,,,2.6
376,Kaytron Allen,WAS,RB,1,2.6,,,2.6
377,Kameron Johnson,TB,WR,2,2.8,,2.2,2.4
378,Josh Whyle,GB,TE,2,2.2,,1.9,2
Exported from Data Suite 2.0 by ntraicoff (user 153) on 2026-09-29 23:07 UTC,,,,,,,,