Player Details,Player Details,Player Details,Player Details,Player Details,Weeks,Weeks,Weeks,Weeks,Total
Rank,Name,Team,Position,Games,1,2,3,4,Total
1,Jaxon Smith-Njigba,SEA,WR,4,61.1,42.9,35.5,42.9,44
2,CeeDee Lamb,DAL,WR,4,32,37.5,26.9,65.5,41.3
3,DeVonta Smith,PHI,WR,3,23.5,50,41.2,,39.3
4,Amon-Ra St. Brown,DET,WR,4,48,52.2,30,27.6,39.2
5,Brock Bowers,LV,TE,2,,,50,29.6,38.8
6,Garrett Wilson,NYJ,WR,4,37.5,28.6,48.1,30,37.8
7,Carnell Tate,TEN,WR,4,31.6,28.6,32,52.9,36
8,Michael Wilson,ARZ,WR,4,25.9,29.4,45.5,38.1,35.7
9,Trey McBride,ARZ,TE,4,40.7,47.1,18.2,42.9,34.7
10,Zay Flowers,BLT,WR,3,31.6,,42.9,31.6,34.6
11,Isaiah Likely,NYG,TE,4,31.8,32.1,25,47.4,34.1
12,Chris Olave,NO,WR,4,29.3,36,29.6,36.7,32.5
13,Puka Nacua,LA,WR,2,33.3,,,31.4,32.1
14,Tetairoa McMillan,CAR,WR,4,27.3,27.3,14.8,55.6,31.6
15,Justin Jefferson,MIN,WR,3,53.3,40,9.5,,31.4
16,Drake London,ATL,WR,4,21.4,19.2,50,33.3,30.8
17,KC Concepcion,CLV,WR,4,28.6,26.1,36.8,29.2,30
18,DK Metcalf,PIT,WR,4,39.1,33.3,19,25.9,29.6
19,Davante Adams,LA,WR,4,28.6,40,31.4,20,29.3
20,Luther Burden,CHI,WR,4,27.8,35.7,34.5,17.4,28.6
21,Terry McLaurin,WAS,WR,3,17.4,31.8,36.4,,28.4
22,Jaylen Waddle,DEN,WR,4,14.3,38.1,31.3,25,28.2
23,Malik Nabers,NYG,WR,4,36.4,14.3,37.5,31.6,28.2
24,Malik Washington,MIA,WR,4,23.5,23.1,31,33.3,28.2
25,Parker Washington,JAX,WR,4,27.8,50,20,14.3,27.8
26,Nico Collins,HST,WR,2,30.3,,,22.7,27.3
27,Stefon Diggs,WAS,WR,4,26.1,22.7,27.3,32,27.2
28,Tee Higgins,CIN,WR,4,18.5,40,23.1,28.6,27
29,Matthew Golden,GB,WR,4,30.3,26.1,25.6,25.9,27
30,Josh Downs,IND,WR,4,21.1,36,34.5,12.5,26.8
31,Caleb Douglas,MIA,WR,2,35.3,15.4,,,26.7
32,Jordan Addison,MIN,WR,4,0,33.3,38.1,29.4,26.5
33,Keenan Allen,IND,WR,3,26.3,20,31,,26
34,George Kittle,SF,TE,4,20,20,35.3,31.3,26
35,Mark Andrews,BLT,TE,4,26.3,33.3,14.3,26.3,26
36,Mike Evans,SF,WR,4,24,6.7,35.3,31.3,24.7
37,Adonai Mitchell,NYJ,WR,2,12.5,33.3,,,24.3
38,Wan'Dale Robinson,TEN,WR,4,21.1,7.1,44,11.8,24
39,Courtland Sutton,DEN,WR,4,14.3,19,31.3,30,23.9
40,Jalen Coker,CAR,WR,3,27.3,31.8,14.8,,23.9
41,Jameson Williams,DET,WR,4,36,8.7,20,27.6,23.7
42,T.J. Hockenson,MIN,TE,4,20,13.3,19,41.2,23.5
43,Ja'Marr Chase,CIN,WR,4,14.8,40,46.2,7.1,23.5
44,Khalil Shakir,BUF,WR,4,20,22.2,16.7,31.6,23.4
45,Emeka Egbuka,TB,WR,4,25,16,32,19,23.1
46,Dontayvion Wicks,PHI,WR,4,23.5,22.7,23.5,22.2,23
47,Xavier Worthy,KC,WR,4,30,22.6,5.6,30,22.5
48,Denzel Boston,CLV,WR,4,28.6,26.1,10.5,25,22.5
49,Roman Wilson,PIT,WR,4,26.1,22.2,19,22.2,22.4
50,Christian Watson,GB,WR,4,21.2,34.8,23.1,11.1,22.1
51,Cade Otton,TB,TE,4,25,16,20,28.6,22
52,Devaughn Vele,NO,WR,4,22,24,14.8,26.7,22
53,Tre Tucker,LV,WR,4,16.7,30,13.6,25.9,21.8
54,Sam LaPorta,DET,TE,4,16,21.7,10,31,20.6
55,Mack Hollins,NE,WR,4,19,15.4,30,15.8,20.5
56,Keon Coleman,BUF,WR,4,6.7,27.8,8.3,31.6,20.3
57,George Pickens,DAL,WR,4,20,20.8,34.6,6.9,20.2
58,Tyler Warren,IND,TE,4,5.3,24,24.1,20.8,19.6
59,Dalton Schultz,HST,TE,4,18.2,26.7,16.7,13.6,19.4
60,Travis Kelce,KC,TE,4,25,25.8,11.1,10,19.1
61,Kalif Raymond,CHI,WR,4,33.3,14.3,20.7,8.7,19
62,Brenton Strange,JAX,TE,4,11.1,10,15,38.1,19
63,Juwan Johnson,NO,TE,4,14.6,12,25.9,23.3,18.7
64,Xavier Hutchinson,HST,WR,4,15.2,23.3,16.7,18.2,18.4
65,Tre Harris,LAC,WR,4,28.6,0,23.8,17.4,18.3
66,Colston Loveland,CHI,TE,4,11.1,14.3,10.3,34.8,17.9
67,Jakobi Meyers,JAX,WR,4,5.6,5,40,19,17.7
68,DJ Moore,BUF,WR,4,33.3,0,33.3,10.5,17.2
69,Dalton Kincaid,BUF,TE,4,20,22.2,25,5.3,17.2
70,Zach Ertz,PHI,TE,2,,,11.8,22.2,17.1
71,Quentin Johnston,LAC,WR,4,19,23.5,23.8,4.3,17.1
72,Chris Godwin,TB,WR,4,20,12,12,23.8,16.5
73,Rashod Bateman,BLT,WR,4,5.3,38.1,21.4,0,16.4
74,Romeo Doubs,NE,WR,4,9.5,23.1,10,26.3,16.4
75,DeMario Douglas,NE,WR,4,28.6,7.7,15,10.5,16.4
76,Ashton Dulin,IND,WR,2,5.3,,,25,16.3
77,Harold Fannin,CLV,TE,4,7.1,17.4,26.3,12.5,16.3
78,Kenyon Sadiq,NYJ,TE,4,12.5,4.8,18.5,40,16.2
79,Alec Pierce,IND,WR,2,31.6,4,,,15.9
80,Ladd McConkey,LAC,WR,4,23.8,11.8,19,8.7,15.9
81,David Njoku,LAC,TE,2,14.3,17.6,,,15.8
82,Rashee Rice,KC,WR,4,10,16.1,38.9,0,15.7
83,Rome Odunze,CHI,WR,4,5.6,14.3,17.2,21.7,15.5
84,Bijan Robinson,ATL,RB,4,50,11.5,5,5.6,15.4
85,Hunter Henry,NE,TE,4,9.5,23.1,10,21.1,15.1
86,Deebo Samuel,SF,WR,4,20,20,0,18.8,15.1
87,Isaiah Williams,NYJ,WR,4,6.3,23.8,7.4,30,14.9
88,Ashton Jeanty,LV,RB,4,27.8,25,4.5,7.4,14.9
89,Makai Lemon,PHI,WR,4,23.5,0,17.6,22.2,14.9
90,Chase Brown,CIN,RB,4,18.5,10,0,23.8,14.8
91,Tucker Kraft,GB,TE,4,9.1,8.7,15.4,25.9,14.8
92,Ryan Flournoy,DAL,WR,4,12,25,11.5,10.3,14.4
93,A.J. Brown,NE,WR,1,14.3,,,,14.3
94,Rashid Shaheed,SEA,WR,4,11.1,23.8,9.7,14.3,14.3
95,Mitchell Tinsley,CIN,WR,1,,,,14.3,14.3
96,Jayden Reed,GB,WR,2,21.2,4.3,,,14.3
97,Ted Hurst,TB,WR,4,15,20,12,9.5,14.3
98,Jahan Dotson,ATL,WR,4,14.3,15.4,10,16.7,14.1
99,Antonio Williams,WAS,WR,4,13,4.5,13.6,24,14.1
100,Brian Thomas,JAX,WR,4,16.7,25,5,9.5,13.9
101,Tyler Higbee,LA,TE,4,9.5,0,22.9,17.1,13.8
102,Christian McCaffrey,SF,RB,4,16,20,11.8,6.3,13.7
103,Tyquan Thornton,KC,WR,4,5,9.7,5.6,35,13.5
104,AJ Barner,SEA,TE,4,5.6,4.8,22.6,14.3,13.1
105,Malachi Fields,NYG,WR,4,13.6,17.9,12.5,5.3,12.9
106,Greg Dulcich,MIA,TE,4,5.9,15.4,20.7,0,12.7
107,Pat Bryant,DEN,WR,4,35.7,4.8,6.3,10,12.7
108,Chris Bell,MIA,WR,4,5.9,7.7,17.2,16.7,12.7
109,Kayshon Boutte,HST,WR,4,6.1,16.7,11.1,18.2,12.6
110,Demarcus Robinson,SF,WR,2,12,13.3,,,12.5
111,Kenneth Walker,KC,RB,4,20,12.9,11.1,5,12.4
112,Pat Freiermuth,PIT,TE,4,8.7,11.1,14.3,14.8,12.2
113,Keaton Mitchell,LAC,RB,4,0,5.9,14.3,26.1,12.2
114,RJ Harvey,DEN,RB,3,7.1,,18.8,10,12
115,Cooper Kupp,SEA,WR,4,16.7,9.5,12.9,7.1,11.9
116,De'Von Achane,MIA,RB,3,17.6,23.1,3.4,,11.9
117,Michael Mayer,LV,TE,4,11.1,10,9.1,14.8,11.5
118,Efton Chism,NE,WR,3,,7.7,10,15.8,11.5
119,Laquon Treadwell,IND,WR,4,5.3,12,3.4,25,11.3
120,Quinshon Judkins,CLV,RB,4,0,13,10.5,16.7,11.3
121,Kendrick Bourne,ARZ,WR,4,22.2,17.6,6.1,0,11.2
122,Terrance Ferguson,LA,TE,3,4.8,24,5.7,,11.1
123,Oronde Gadsden,LAC,TE,4,9.5,11.8,4.8,17.4,11
124,Dyami Brown,WAS,WR,4,8.7,18.2,4.5,12,10.9
125,Noah Fant,NO,TE,3,14.6,0,14.8,,10.8
126,Elic Ayomanor,TEN,WR,4,15.8,21.4,4,5.9,10.7
127,Gunnar Helm,TEN,TE,4,15.8,14.3,12,0,10.7
128,Darnell Mooney,NYG,WR,4,4.5,10.7,18.8,10.5,10.6
129,Mike Gesicki,CIN,TE,4,22.2,0,7.7,9.5,10.4
130,Chig Okonkwo,WAS,TE,2,8.7,,,12,10.4
131,Dallas Goedert,PHI,TE,2,23.5,0,,,10.3
132,Kyle Pitts,ATL,TE,4,7.1,11.5,5,16.7,10.3
133,Jalen Nailor,LV,WR,4,22.2,10,13.6,0,10.3
134,Kyren Williams,LA,RB,4,4.8,4,14.3,14.3,10.3
135,Darren Waller,CAR,TE,4,4.5,13.6,11.1,11.1,10.2
136,Darnell Washington,PIT,TE,4,4.3,3.7,19,14.8,10.2
137,Michael Pittman,PIT,WR,3,8.7,,9.5,11.1,9.9
138,Kevin Coleman,MIA,WR,4,5.9,0,13.8,16.7,9.9
139,Ty Johnson,BUF,RB,2,,,16.7,5.3,9.7
140,Jake Ferguson,DAL,TE,4,8,12.5,11.5,6.9,9.6
141,Dohnte Meyers,CIN,WR,4,3.7,5,11.5,14.3,9.6
142,Marvin Harrison,ARZ,WR,4,7.4,0,15.2,9.5,9.2
143,Xavier Legette,CAR,WR,2,9.1,9.1,,,9.1
144,Aaron Jones,MIN,RB,4,0,0,19,11.8,8.8
145,Jerry Jeudy,CLV,WR,4,28.6,4.3,0,8.3,8.8
146,Marvin Mims,DEN,WR,2,0,,,15,8.8
147,Tez Johnson,TB,WR,4,0,16,8,9.5,8.8
148,Jaylin Noel,HST,WR,4,6.1,6.7,11.1,13.6,8.7
149,Konata Mumpfield,LA,WR,4,4.8,4,17.1,5.7,8.6
150,Evan Engram,DEN,TE,4,21.4,4.8,0,10,8.5
151,Rhamondre Stevenson,NE,RB,4,14.3,0,10,5.3,8.2
152,Tommy Tremble,CAR,TE,4,9.1,9.1,11.1,3.7,8.2
153,Skyy Moore,GB,WR,4,3,8.7,12.8,7.4,8.2
154,Brycen Tremayne,CAR,WR,4,0,0,18.5,11.1,8.2
155,Jahmyr Gibbs,DET,RB,4,0,8.7,25,3.4,8.2
156,Jeremy Ruckert,NYJ,TE,4,0,4.8,18.5,0,8.1
157,Darius Cooper,PHI,WR,4,0,4.5,0,27.8,8.1
158,John Metchie,CAR,WR,3,,0,7.4,14.8,7.9
159,Josh Oliver,MIN,TE,3,20,6.7,0,,7.8
160,Josh Palmer,BUF,WR,4,6.7,5.6,0,15.8,7.8
161,Jared Wayne,HST,WR,4,3,13.3,16.7,0,7.8
162,Austin Hooper,ATL,TE,4,0,11.5,10,5.6,7.7
163,Olamide Zaccheaus,ATL,WR,4,7.1,7.7,10,5.6,7.7
164,Zachariah Branch,ATL,WR,4,0,7.7,10,11.1,7.7
165,Josh Cameron,JAX,WR,4,11.1,0,10,9.5,7.6
166,Jauan Jennings,MIN,WR,3,6.7,,9.5,5.9,7.5
167,Chris Moore,BLT,WR,3,10.5,4.8,7.1,,7.4
168,Alvin Kamara,NO,RB,3,,16,0,6.7,7.3
169,Treylon Burks,WAS,WR,3,,4.5,4.5,12,7.2
170,Isaac TeSlaa,DET,WR,4,0,8.7,10,10.3,7.2
171,Theo Johnson,NYG,TE,4,4.5,14.3,0,5.3,7.1
172,Kyle Williams,NE,WR,4,0,15.4,10,5.3,6.8
173,Calvin Ridley,TEN,WR,4,0,14.3,4,11.8,6.7
174,Noah Gray,KC,TE,4,5,3.2,11.1,10,6.7
175,Jack Bech,LV,WR,3,11.1,10,0,,6.7
176,Kenny Gainwell,TB,RB,4,5,12,4,4.8,6.6
177,Bucky Irving,TB,RB,4,10,8,8,0,6.6
178,MarShawn Lloyd,GB,RB,4,3,8.7,5.1,11.1,6.6
179,Travis Etienne,NO,RB,3,12.2,4,0,,6.5
180,Bryce Lance,NO,WR,4,7.3,4,7.4,6.7,6.5
181,Brandin Cooks,SF,WR,1,,,,6.3,6.3
182,James Cook,BUF,RB,4,6.7,16.7,0,0,6.3
183,Raheim Sanders,CLV,RB,4,7.1,4.3,10.5,4.2,6.3
184,Omar Cooper,NYJ,WR,1,6.3,,,,6.3
185,Jaylen Warren,PIT,RB,4,4.3,7.4,9.5,3.7,6.1
186,Jordan Watkins,SF,WR,2,,,11.8,0,6.1
187,Mitchell Evans,CAR,TE,4,9.1,4.5,11.1,0,6.1
188,Tory Horton,SEA,WR,3,,0,9.7,7.1,6.1
189,Germie Bernard,PIT,WR,4,0,18.5,0,3.7,6.1
190,Devin Singletary,NYG,RB,2,9.1,3.6,,,6
191,D'Andre Swift,CHI,RB,4,0,14.3,6.9,4.3,6
192,Gavin Bartholomew,MIN,TE,1,,,,5.9,5.9
193,Foster Moreau,HST,TE,4,6.1,3.3,11.1,4.5,5.8
194,Jalen Royals,KC,WR,3,,6.5,5.6,5,5.8
195,Jonnu Smith,GB,TE,4,9.1,0,7.7,3.7,5.7
196,Cody White,LV,WR,4,0,5,4.5,11.1,5.7
197,Jadarian Price,SEA,RB,3,5.6,9.5,3.2,,5.7
198,Ryan Miller,MIA,WR,3,,7.7,6.9,0,5.6
199,Devontez Walker,BLT,WR,3,,4.8,0,10.5,5.6
200,LaJohntay Wester,BLT,WR,3,5.3,9.5,0,,5.6
201,Derrick Henry,BLT,RB,4,5.3,4.8,0,10.5,5.5
202,Matthew Hibner,BLT,TE,4,5.3,0,7.1,10.5,5.5
203,Saquon Barkley,PHI,RB,4,5.9,9.1,5.9,0,5.4
204,Mason Taylor,NYJ,TE,2,12.5,0,,,5.4
205,Charlie Kolar,LAC,TE,2,0,11.8,,,5.3
206,Elijah Sarratt,BLT,WR,1,,,,5.3,5.3
207,Brenen Thompson,LAC,WR,2,0,11.8,,,5.3
208,Jonathan Taylor,IND,RB,4,5.3,4,6.9,4.2,5.2
209,Davis Allen,LA,TE,4,4.8,4,5.7,5.7,5.2
210,Bhayshul Tuten,JAX,RB,4,5.6,5,5,4.8,5.1
211,David Montgomery,HST,RB,4,9.1,3.3,5.6,0,4.9
212,Colby Parkinson,LA,TE,3,4.8,8,2.9,,4.9
213,Lil'Jordan Humphrey,DEN,WR,1,,4.8,,,4.8
214,Cole Kmet,CHI,TE,4,16.7,0,3.4,0,4.8
215,Jonah Coleman,DEN,RB,1,,4.8,,,4.8
216,Malik Benson,LV,WR,4,11.1,5,4.5,0,4.6
217,Marquez Valdes-Scantling,LAC,WR,2,,,4.8,4.3,4.5
218,Brevin Jordan,HST,TE,1,,,,4.5,4.5
219,Jimmy Horn,CAR,WR,1,4.5,,,,4.5
220,J. Sturdivant,GB,WR,3,,0,7.7,3.7,4.5
221,John Bates,WAS,TE,4,13,0,4.5,0,4.3
222,Andrei Iosivas,CIN,WR,2,7.4,0,,,4.3
223,Roschon Johnson,CHI,RB,1,,,,4.3,4.3
224,Tanner Hudson,CIN,TE,3,3.7,,7.7,2.4,4.2
225,Troy Franklin,DEN,WR,4,0,9.5,6.3,0,4.2
226,Ollie Gordon,MIA,RB,4,0,0,6.9,8.3,4.2
227,Will Kacmarek,MIA,TE,4,5.9,0,0,16.7,4.2
228,Justice Hill,BLT,RB,4,5.3,4.8,0,5.3,4.1
229,Chuba Hubbard,CAR,RB,4,4.5,4.5,7.4,0,4.1
230,Austin Ekeler,WAS,RB,1,,,,4,4
231,Tony Pollard,TEN,RB,4,5.3,7.1,0,5.9,4
232,Rico Dowdle,PIT,RB,2,8.7,0,,,4
233,Ben Skowronek,PIT,WR,3,,3.7,4.8,3.7,4
234,Tyjae Spears,TEN,RB,4,10.5,7.1,0,0,4
235,Woody Marks,HST,RB,4,3,6.7,5.6,0,3.9
236,Javonte Williams,DAL,RB,4,8,4.2,0,3.4,3.8
237,Eli Raridon,NE,TE,3,4.8,7.7,,0,3.8
238,Derius Davis,LAC,WR,4,4.8,5.9,0,4.3,3.7
239,Ja'Seem Reed,CAR,WR,1,,,,3.7,3.7
240,George Holani,SEA,RB,4,0,4.8,6.5,0,3.6
241,Sam Roush,CHI,TE,4,0,7.1,3.4,4.3,3.6
242,Quintin Morris,JAX,TE,3,5.6,5,0,,3.4
243,Emmett Johnson,KC,RB,4,5,3.2,0,5,3.4
244,Tutu Atwell,LA,WR,2,,8,,0,3.3
245,Bo Melton,GB,WR,4,3,4.3,2.6,3.7,3.3
246,Colson Yankoff,WAS,TE,4,0,4.5,4.5,4,3.3
247,Jordan Whittington,LA,WR,3,4.8,,0,5.7,3.3
248,KhaDarel Hodge,SF,WR,2,,6.7,0,,3.1
249,Dawson Knox,BUF,TE,4,6.7,5.6,0,0,3.1
250,Jeremiyah Love,ARZ,RB,4,0,5.9,3,4.8,3.1
251,Rachaad White,WAS,RB,3,4.3,4.5,0,,3
252,KaVontae Turpin,DAL,WR,4,4,0,7.7,0,2.9
253,Jonathan Mingo,DAL,WR,4,4,0,0,6.9,2.9
254,Nate Adkins,DEN,TE,4,0,9.5,0,0,2.8
255,Sterling Shepard,NYJ,WR,2,,,3.7,0,2.7
256,Tank Bigsby,PHI,RB,4,0,4.5,0,5.6,2.7
257,Cade Stover,HST,TE,3,3,,0,4.5,2.7
258,Arian Smith,NYJ,WR,2,6.3,0,,,2.7
259,Chimere Dike,TEN,WR,4,0,0,4,5.9,2.7
260,Chris Blair,ATL,WR,4,0,7.7,0,0,2.6
261,Brian Robinson,ATL,RB,4,0,3.8,0,5.6,2.6
262,Brashard Smith,KC,RB,2,,,5.6,0,2.6
263,Tai Felton,MIN,WR,2,,,4.8,0,2.6
264,Deion Burks,IND,WR,3,,0,0,8.3,2.6
265,Ameer Abdullah,JAX,RB,4,5.6,0,5,0,2.5
266,Isaiah Bond,CLV,WR,4,0,4.3,0,4.2,2.5
267,Nate Boerkircher,JAX,TE,4,5.6,0,0,4.8,2.5
268,Jalen Tolbert,MIA,WR,2,,,0,8.3,2.4
269,Emanuel Wilson,SEA,RB,4,0,0,0,14.3,2.4
270,Kimani Vidal,LAC,RB,4,0,0,0,8.7,2.4
271,Corey Kiner,NE,RB,2,0,,5,,2.4
272,Cam Skattebo,NYG,RB,4,0,7.1,0,0,2.4
273,Dareke Young,LV,WR,4,0,5,0,3.7,2.3
274,Jonathon Brooks,CAR,RB,2,4.5,0,,,2.3
275,Jaylin Lane,WAS,WR,4,4.3,0,4.5,0,2.2
276,Jacory Croskey-Merritt,WAS,RB,4,4.3,4.5,0,0,2.2
277,Robert Tonyan,PIT,TE,2,,0,4.8,,2.1
278,Lewis Bond,HST,WR,2,,0,5.6,,2.1
279,Tyler Allgeier,ARZ,RB,4,3.7,0,3,0,2
280,Kendre Miller,NO,RB,3,0,,7.4,0,2
281,Elijah Higgins,ARZ,TE,4,0,0,6.1,0,2
282,Jalen McMillan,TB,WR,2,,0,4,,2
283,David Moore,CAR,WR,2,,,3.7,0,1.9
284,Luke Schoonmaker,DAL,TE,4,4,0,3.8,0,1.9
285,Brevyn Spann-Ford,DAL,TE,4,8,0,0,0,1.9
286,Myles Price,MIN,WR,3,,0,0,5.9,1.9
287,Zavion Thomas,CHI,WR,2,,,3.4,0,1.9
288,Tyler Badie,DEN,RB,3,,4.8,0,0,1.8
289,Tyler Goodson,DAL,RB,2,,,3.8,0,1.8
290,Drew Sample,CIN,TE,4,7.4,0,0,0,1.7
291,Jalen Brooks,ARZ,WR,2,0,,3,,1.7
292,Travis Hunter,JAX,WR,3,5.6,0,0,,1.7
293,Breece Hall,NYJ,RB,3,0,4.8,0,,1.6
294,Jahdae Walker,CHI,WR,3,5.6,0,0,,1.6
295,Mark Redman,GB,TE,4,0,0,0,7.4,1.6
296,Odell Beckham,NYG,WR,3,0,0,6.3,,1.5
297,Ian Thomas,LV,TE,3,0,0,,3.7,1.5
298,DeeJay Dallas,MIN,RB,4,0,6.7,0,0,1.5
299,Kameron Johnson,TB,WR,3,0,,0,4.8,1.5
300,Johnny Mundt,PHI,TE,4,0,4.5,0,0,1.4
301,Durham Smythe,BLT,TE,4,5.3,0,0,0,1.4
302,J.K. Dobbins,DEN,RB,4,0,0,6.3,0,1.4
303,Adam Trautman,DEN,TE,4,7.1,0,0,0,1.4
304,Luke Farrell,SF,TE,4,4,0,0,0,1.4
305,Jelani Woods,NYJ,TE,4,0,0,3.7,0,1.4
306,Will Shipley,PHI,RB,4,0,4.5,0,0,1.4
307,Braelon Allen,NYJ,RB,4,6.3,0,0,0,1.4
308,Josh Cuevas,BLT,TE,4,0,0,7.1,0,1.4
309,Kaelon Black,SF,RB,4,4,0,0,0,1.4
310,Colbie Young,CIN,WR,3,0,0,3.8,,1.4
311,Charlie Woerner,ATL,TE,4,0,3.8,0,0,1.3
312,Daniel Bellinger,TEN,TE,4,0,0,0,5.9,1.3
313,Blake Whiteheart,CLV,TE,4,0,4.3,0,0,1.3
314,Xavier Smith,LA,WR,3,0,4,0,,1.2
315,Kyle Monangai,CHI,RB,4,0,0,0,4.3,1.2
316,Omarion Hampton,LAC,RB,4,0,0,0,4.3,1.2
317,Elijah Arroyo,SEA,TE,4,0,4.8,0,0,1.2
318,Ben Sinnott,WAS,TE,4,0,4.5,0,0,1.1
319,Jake Briningstool,KC,TE,4,0,0,5.6,0,1.1
320,Mike Washington,LV,RB,4,0,0,0,3.7,1.1
321,Brock Wright,DET,TE,4,0,0,5,0,1
322,Hunter Long,ARZ,TE,4,0,0,0,4.8,1
323,Seth McGowan,IND,RB,4,0,0,0,4.2,1
324,Samaje Perine,CIN,RB,4,3.7,0,0,0,0.9
325,Blake Corum,LA,RB,4,0,4,0,0,0.9
326,Erick All,CIN,TE,4,0,5,0,0,0.9
327,Kevin Austin,NO,WR,4,0,4,0,0,0.8
328,Chris Brooks,GB,RB,4,0,4.3,0,0,0.8
329,Chris Manhertz,NYG,TE,4,0,0,0,0,0
330,Mo Alie-Cox,IND,TE,4,0,0,0,0,0
331,Eric Saubert,SEA,TE,4,0,0,0,0,0
332,Tyler Conklin,DET,TE,2,0,0,,,0
333,Braxton Berrios,NYG,WR,4,0,0,0,0,0
334,Chris Myarick,LV,TE,1,0,,,,0
335,Greg Dortch,BUF,WR,2,,,0,0,0
336,Craig Reynolds,WAS,RB,1,,,,0,0
337,Travis Homer,PIT,RB,1,,,0,,0
338,Marquise Brown,PHI,WR,1,,0,,,0
339,Nick Westbrook-Ikhine,IND,WR,1,,,,0,0
340,AJ Dillon,CAR,RB,3,0,,0,0,0
341,Tylan Wallace,CLV,WR,3,0,0,0,,0
342,Feleipe Franks,CAR,TE,1,0,,,,0
343,Najee Harris,NYG,RB,3,,0,0,0,0
344,Elijah Moore,PHI,WR,2,,,0,0,0
345,Jake Tonges,SF,TE,1,0,,,,0
346,Andrew Ogletree,IND,TE,4,0,0,0,0,0
347,Nick Muse,ATL,TE,3,,0,0,0,0
348,Kaden Davis,CHI,WR,1,0,,,,0
349,Jordan Mason,MIN,RB,1,0,,,,0
350,Ronnie Rivers,LA,RB,1,0,,,,0
351,Velus Jones,SEA,RB,1,,,,0,0
352,E.J. Jenkins,PHI,TE,3,,0,0,0,0
353,Cameron Latu,NE,TE,2,,0,0,,0
354,Josh Whyle,GB,TE,3,0,,0,0,0
355,Chris Rodriguez,JAX,RB,4,0,0,0,0,0
356,Brayden Willis,SF,TE,2,,0,,0,0
357,Emari Demercado,DAL,RB,2,0,0,,,0
358,Jaleel McLaughlin,CLV,RB,2,,0,0,,0
359,Payne Durham,TB,TE,1,,,0,,0
360,Sione Vaki,DET,RB,4,0,0,0,0,0
361,Jacob Cowing,SF,WR,4,0,0,0,0,0
362,Tyrone Tracy,NYG,RB,1,,,,0,0
363,Dylan Laube,LV,RB,4,0,0,0,0,0
364,Frank Gore,BUF,RB,2,0,0,,,0
365,Hayden Rucci,LAC,TE,2,,,0,0,0
366,Treyton Welch,NO,TE,2,0,,,0,0
367,Isaiah Davis,NYJ,RB,1,,,,0,0
368,Jaylen Wright,MIA,RB,3,0,0,,0,0
369,Ray Davis,BUF,RB,4,0,0,0,0,0
370,Malachi Corley,CLV,WR,1,,,,0,0
371,Kaleb Johnson,GB,RB,3,,0,0,0,0
372,Jordan James,SF,RB,1,,0,,,0
373,Jackson Hawes,BUF,TE,4,0,0,0,0,0
374,LeQuint Allen,JAX,RB,4,0,0,0,0,0
375,Patrick Herbert,LAC,TE,1,,,,0,0
376,Keleki Latu,BUF,TE,4,0,0,0,0,0
377,Jackson Meeks,DET,TE,2,,0,0,,0
378,Lan Larison,NE,RB,1,0,,,,0
379,TreVeyon Henderson,NE,RB,3,,0,0,0,0
380,Ja'Kobi Lane,BLT,WR,1,0,,,,0
381,Nicholas Singleton,TEN,RB,2,,0,,0,0
382,Cyrus Allen,KC,WR,3,0,0,,0,0
383,De'Zhaun Stribling,SF,WR,1,0,,,,0
384,Oscar Delp,NO,TE,3,,0,0,0,0
385,Tanner Koziol,JAX,TE,1,,,,0,0
386,Bauer Sharp,TB,TE,4,0,0,0,0,0
387,Kaytron Allen,WAS,RB,2,0,,,0,0
388,Barion Brown,NO,WR,2,0,0,,,0
389,Demond Claiborne,MIN,RB,2,,0,,0,0
390,Carsen Ryan,CLV,TE,1,,0,,,0
391,Malik McClain,NYJ,WR,2,,,0,0,0
392,Tanner Arkin,NE,TE,1,,,0,,0
393,CJ Donaldson,NO,RB,4,0,0,0,0,0
394,Marlin Klein,HST,TE,3,0,0,0,,0
Exported from Data Suite 2.0 by ntraicoff (user 153) on 2026-10-06 16:02 UTC,,,,,,,,,