source,week,player,team,job,usage_tier,trend,stance,evidence,blurb
FP,3,Jeremiyah Love,ARI,Lead (early-down),Great,↑,,"Wk3: 63% snaps, 38.9% routes, 76.3% bfield XFP, 22.8 XFP (RB4)",Took over as bellcow in Wk3 with usage already at borderline top-12 level; top-5 upside if he wins 2-min/3rd-down work; no worse than ROS RB10.
FP,3,Tyler Allgeier,ARI,Passing-down,Replacement,↓,,"Wks1-2 Love had only 52.3% XFP share; Wk3 7 of 11 two-min snaps, 6-2 3rd-down routes","Lost the lead role to Love in Wk3 but still holds two-minute and third-down snaps, which Love may eventually take too."
FP,3,Breece Hall,NYJ,Lead,,↓,,"Quad strain, projected out 2-3 weeks","Expected to miss at least 2-3 weeks with a quad strain, opening a top-20 workload for Braelon Allen."
FP,3,Braelon Allen,NYJ,Lead (w/ Hall out),Average,↑,Add,"100% snaps after Hall exit, 71.4% routes, 6 of 14 team RZ opps","Projects for a top-20 workload and mid-range RB2 value while Hall is out; the No. 1 waiver priority, worth 25%+ of FAAB."
FP,3,Isaiah Davis,NYJ,Contingent,Replacement,,,0 snaps this season,"Healthy and active but hasn't played a snap; will likely mix in a little behind Allen, though less than Allen did behind Hall."
FP,3,De'Von Achane,MIA,Lead,,↓,,Torn ACL (season-ending); MIA bfield 17.5 XFP/G (4th-worst),Out for the season with a torn ACL after a slow start caused by a league-worst offensive situation.
FP,3,Ollie Gordon II,MIA,Committee,Replacement,↑,,"Wk3: 87.1% snaps, 60% routes, 14.5 FP on 15.7 XFP","Preferred waiver add over Wright for bellcow/goal-line upside, but MIA RBs need 75% of a weak backfield to matter; max 12% FAAB."
FP,3,Jaylen Wright,MIA,Committee,Replacement,,,Inactive Wk3 (foot); never above 159 touches in a season,"More efficient than Gordon in 2025 and equally interesting in deep leagues, but a committee would make both MIA backs useless; max 8% FAAB."
FP,3,Brock Bowers,LV,Full-time,Elite,↑,,"10/116/1, 27.6 FP, 39.4% TS, 46.8% yds share, 95% routes, 77% wide/slot","Career-high usage in return under Kubiak; in a dead heat with McBride to be overall TE1 ROS, and his return unlocks the Raiders' efficient 12 personnel."
FP,3,Ashton Jeanty,LV,Workhorse,Elite,→,Buy,"23.4 XFP/G (RB2), -5.0 FPOE (2nd-worst), 14.3 XFP but 0.4 FP inside 10","Elite usage masked by bad red-zone luck and O-line issues; one of the most impactful buy-lows, worth buying at anything below RB7 value."
FP,3,Michael Mayer,LV,Part-time,Replacement,,,7.4 XFP on 76% of routes,"Worth rostering and could emerge, but more likely an end-of-roster streamer with Bowers soaking up targets."
FP,3,Tre Tucker,LV,Starter,Replacement,,,9.5 XFP on 73% of routes,"Worth rostering, but more likely an end-of-roster streaming option behind a target-hogging Bowers."
FP,3,Romeo Doubs,NE,,,,,"0.20 ASS, 22% win rate",The only New England WR/TE with remotely decent separation metrics amid Drake Maye's struggles.
FP,3,A.J. Brown,NE,,,,,"On IR (ankle), Week 6 return at the earliest",Two weeks into a minimum 4-week IR stint; viewed as a much better late-season stash than Malik Nabers.
FP,3,Malik Nabers,NYG,,,↓,Sell,"McCarthy (68.7% catchable, 5th-worst since 2021) likely to start",Upside case got thinner with J.J. McCarthy likely taking over at QB; would snap-accept a top-20ish RB or top-30ish WR for him.
FP,3,Chase Brown,CIN,Lead,Great,→,,"~71% snaps, ~54% routes (top-7), 74% bfield XFP, 15.3 XFP/G (~RB14)","Slow start (13.0 FPG) is mostly due to few inside-the-10 drives, not role; regression should lift him to top-10 RB ROS."
FP,3,Samaje Perine,CIN,Handcuff,,→,,,Has not seen a role change or increased work behind Chase Brown.
FP,3,Bhayshul Tuten,JAX,Committee lead,Average,↑,,"Wk3 season-highs: 65% carry share, 53.3% snaps; 12.3 XFP/G (~RB21)",Workload keeps growing in response to strong play (top-3 in 5+ yd carry rate); comfortable viewing him as a top-18 RB ROS.
FP,3,Omarion Hampton,LAC,Committee,Average,↓,Sell,"Wk3 season-lows: 42.2% snaps, 15.8% routes, 11.9 XFP; 6 routes",Called 'dead as dirt' after season-low usage; no more than a fringe top-20 RB until workload or offense improves; sell (even for Tuten).
FP,3,Keaton Mitchell,LAC,Passing-down,,,,Wk3: 14 routes (vs Hampton's 6),"Out-ran Hampton in routes in Week 3, eating into the Chargers' passing-down work."
FP,3,Kimani Vidal,LAC,Committee,,,,Wk3: 11 routes (vs Hampton's 6),Also ran more routes than Hampton in Week 3 as the Chargers' backfield split three ways.
FP,3,David Montgomery,HOU,Committee lead,Average,↑,,"6 of 10 drives Wk3 (~60/40 by drive), 2.78 YPC (41st of 42)",Plodding RB in a drive-based 60/40 timeshare with no guaranteed goal-line work; barely a low-end RB2.
FP,3,Woody Marks,HOU,Committee,,,,~40% of drives; subbed in to pass-block at the 1,"Gets full drives in Houston's rotation and got the only goal-line run drive, undercutting Montgomery's TD upside."
FP,3,Rhamondre Stevenson,NE,Committee lead,Replacement,→,,"Wk3: 55.0% snaps, 51.4% routes; no NE RB >10 XFP in 2 wks","Back to out-snapping Henderson after his fumble, but a hollow win; just a low-end FLEX/stash unless Maye improves."
FP,3,TreVeyon Henderson,NE,Committee,Replacement,↓,,"Wk3: 33.3% snaps, 27.0% routes","Didn't take over after Stevenson's fumble; with a close split neither NE back matters much, making him a low-end FLEX/stash."
FP,3,Jonathan Taylor,IND,Workhorse,Elite,→,,"Wk3: 87.3% snaps (RB2), 14.5 XFP but 9.2 FP",Floor game vs a tough HOU defense despite elite snaps; Pierce's absence is a minor nitpick and he remains a top-6 RB.
FP,3,Alec Pierce,IND,,,,,"On IR, at least 3 more games",His absence may give Jonathan Taylor less room to run without a field-stretcher.
FP,3,Jaylen Warren,PIT,Workhorse (w/ Dowdle out),Elite,↑,,"Wk3: 91.5% snaps (2nd-highest any RB game), 70.3% routes",Every bit the bell cow expected without Dowdle; fire him up as a ~top-16 RB if Dowdle sits again.
FP,3,Cam Skattebo,NYG,Lead,Great,↑,,"Wk3 season-highs: 77.3% snaps, 65.4% routes, 18.2% TS, 22.3 XFP (RB5)",Sneaky-good workload though he scored only 13.0 FP; could provide top-20 RB production near term before a possible McCarthy switch.
FP,3,Bucky Irving,TB,Workhorse,Elite,↓,,"94% designed carry share, 96% bfield XFP, 14.8% TS before exit","Uber-bellcow usage, but possible injury and Mayfield's absence (Jalon Daniels at QB) drop him to a fringe top-20 RB."
FP,3,Kenny Gainwell,TB,Contingent,,,,Played late Wk3 after Irving's exit (pass blocking),Priority waiver add after Ollie Gordon as insurance in case Irving's early exit was an injury.
FP,3,Jadarian Price,SEA,Committee,Replacement,↓,Hold,"2 of 13 carries (0 of 3 inside 10), 21.4% snaps after 1st-qtr fumble",Things look dire after his fumble benching and with Charbonnet possibly returning; a risky FLEX but definitely don't drop.
FP,3,George Holani,SEA,Committee,,,,Split remaining Wk3 snaps near-evenly with Wilson,Took on half the Seattle backfield snaps after Price's fumble in a trailing script.
FP,3,Emanuel Wilson,SEA,Committee,,,,Split remaining Wk3 snaps with Holani; worst FPOE of any RB,Split snaps with Holani after Price's benching and ranks as the only RB underperforming expectation worse than Jeanty.
FP,3,Zach Charbonnet,SEA,Contingent,,↑,,Could return to practice this week (off torn ACL),"Possible return adds another threat to Price's role, though he could look rusty off a torn ACL."
FP,3,James Cook,BUF,Lead,Great,↓,,"Wk3: 65.1% snaps, 32.3% routes, 16.6 XFP with Ty Johnson back","Passing usage dipped with Ty Johnson back, as feared; a game-script- and efficiency-dependent top-8 RB going forward."
FP,3,Ty Johnson,BUF,Passing-down,,↑,,First game back cut into Cook's route share,His return took away some of James Cook's passing-game usage.
FP,3,Chuba Hubbard,CAR,Workhorse,Great,↑,,"Wk3: 83.8% snaps, 66.7% routes, 82% bfield XFP; top-12 all 3 wks",Borderline RB1 with Jonathon Brooks out for several weeks; ~top-14 RB ROS alongside Javonte and Kyren Williams.
FP,3,Aaron Jones,MIN,Workhorse,Great,→,,"Wk3: 81.8% snaps, 91% bfield XFP, 17.8 XFP (7th)",Top-16 RB in a three-down role until Jordan Mason returns from IR.
FP,3,Christian McCaffrey,SF,Workhorse,Elite,↑,,Wk3: 82% snaps (vs 55% prior two weeks),"Role grew in the 49ers' first competitive game amid a thin WR room; target him in close games, fade in lopsided ones (DFS)."
FP,3,RJ Harvey,DEN,Committee,Replacement,↑,,"Leads DEN skill players: 17.7% TS, 2.13 YPRR, 9.5 XFP/G","Most near-term upside in the Broncos' backfield with Coleman on IR, but not the goal-line back; low-end FLEX."
FP,3,J.K. Dobbins,DEN,Goal-line,Replacement,,,2 of 2 carries inside 10 Wk3; 0% success on 5 inside-10 carries,Holds goal-line work so far but is a 'sit him if you can' in Denver's headache backfield.
FP,3,Jonah Coleman,DEN,,,↓,,"IR (high-ankle sprain), 3+ more games",On IR for at least three more games; an intriguing stash in leagues with IR spots.
FP,3,Travis Etienne,NO,Lead,,↓,,"Pre-injury: 77% snaps, 68% bfield XFP; hamstring 2-5 wks",Was finally seeing a near-bellcow workload before re-injuring his hamstring; could have some juice after his return.
FP,3,Alvin Kamara,NO,Committee,Replacement,,,"After Etienne exit: 50% snaps, 45% routes, 6 of 10 carries",Led an ugly three-way split after Etienne's injury; unlikely anything fantasy-relevant in this backfield.
FP,3,Kendre Miller,NO,Committee,Replacement,,,"After Etienne exit: 11.1% TS, 5.1 of 8.1 bfield XFP","Led the Saints' split backfield in targets and XFP after Etienne left, but little interest in any NO RB."
FP,3,CJ Donaldson,NO,Passing-down,Replacement,,,6 of 7 third-down snaps after Etienne exit,Handled third downs in New Orleans' three-way split; not fantasy relevant.
FP,3,Saquon Barkley,PHI,Lead,Average,↑,,"Wk3 season-highs: 74.5% snaps, 45.2% routes; 11.9 XFP/G","Too little, too late: without a true every-down role on a mediocre offense, his role trails even Javonte Williams'."
FP,3,Javonte Williams,DAL,Lead,Great,,,16.9 XFP/G (~RB9),Has a better role than Barkley on a better offense; a ~top-14 RB ROS.
FP,3,Jaxon Smith-Njigba,SEA,,Elite,,,0.45 XFP/team play (1st); 5 end-zone targets (1st),Tops the XFP-per-team-play leaderboard and leads the NFL in end-zone targets.
FP,3,Jahmyr Gibbs,DET,,Elite,,,0.43 XFP/team play (2nd); 1st in XFP/G,Leads all RBs in XFP/G and ranks 2nd overall in XFP per team play; an elite RB1.
FP,3,Chris Olave,NO,,Elite,,,0.34 XFP/team play (6th),Ranks 6th on the XFP-per-team-play leaderboard.
FP,3,Kenneth Walker III,KC,,Elite,,,0.34 XFP/team play (7th),Top-7 on the XFP-per-team-play leaderboard; named among the elite RB1s.
FP,3,Derrick Henry,BAL,,Elite,,,0.34 XFP/team play (8th); top-3 RB XFP in Wk3,Among the Week 3 RB XFP leaders and named among the elite RB1s.
FP,3,Bijan Robinson,ATL,,Elite,,,0.33 XFP/team play (10th); top-3 RB XFP in Wk3,Among the Week 3 RB XFP leaders and named among the elite RB1s.
FP,3,Amon-Ra St. Brown,DET,,Elite,,,0.32 XFP/team play (12th),Makes the top-12 XFP-per-team-play leaderboard.
FP,3,Zay Flowers,BAL,Alpha,Elite,↑,Buy,"27% TS, 36% first-read share, 1.04 XFP/route (1st), 20.7 FPG",Best buy in fantasy for a second straight week; crazy-good usage that will make him a league winner once he runs a full-time route share.
FP,3,DJ Moore,BUF,Alpha,Great,↑,Buy,"2 full games: 31% TS, 33% first-reads, 48% air yds, 0.36 TPRR",Has hogged Bills targets over Shakir and Kincaid; be aggressive in trades—top-15 upside ROS.
FP,3,Khalil Shakir,BUF,,,↓,,0.22 TPRR in Wks 1 & 3 vs Moore's 0.36,Clearly out-targeted by D.J. Moore in their two full games together.
FP,3,Davante Adams,LA,Alpha,Elite,↑,,"Last 2 w/o Nacua: 15/332/2 on 23 tgt, 49.8 FP","Has gone off without Nacua, who could miss 6-8 weeks if he needs sports hernia surgery."
FP,3,Puka Nacua,LA,,,↓,,Groin; could miss 6-8 wks with surgery,Groin injury hasn't progressed as hoped; struggling teams should consider trading him for two viable starters.
FP,3,Konata Mumpfield,LA,No. 2,Replacement,↑,,61% and 70% route share last 2 wks,Settled in as the Rams' clear WR2; mildly interesting if Puka misses time but likely no better than third in targets.
FP,3,Drake London,ATL,Alpha,Elite,↑,,"Wk3: 40% TS, 50% first-reads; 20.6 FPG in 10 Penix starts",Atlanta fed its star in Week 3; a top-5 fantasy WR as long as Penix stays healthy.
FP,3,Parker Washington,JAX,Alpha,Elite,↑,,"Top-6 in TS, first-read share, air yds share, YPRR, FP/RR",Profiles like a fantasy WR1 with spike weeks coming; decisively won the job over Brian Thomas.
FP,3,Brian Thomas Jr.,JAX,Rotational,Replacement,↓,Drop,Fewer routes than Meyers 3 straight wks; 2 routes in 12 personnel,Clearly the Jaguars' third-best WR with little contingent upside; cutting losses and dropping him in redraft.
FP,3,Jakobi Meyers,JAX,No. 2,,,,14 routes in 12 personnel (vs Thomas' 2),Operating with Parker Washington as the Jaguars' clear top two wideouts.
FP,3,Josh Cameron,JAX,Rotational,,,,Mixed in as much as Thomas in 2-TE sets,Rookie has matched Brian Thomas' playing time in two-TE sets.
FP,3,Trey McBride,ARI,Full-time,Elite,→,,28% TS (team lead); 4 end-zone targets (T-2nd),Leads Arizona in targets on a voluminous passing attack; in a dead heat with Bowers for overall TE1.
FP,3,Michael Wilson,ARI,Alpha,Great,↑,,26% TS (2nd on ARI),"Close second on the team in targets and one of the best WR3/4 values, boosted by a pass-heavy upcoming schedule."
FP,3,Marvin Harrison Jr.,ARI,,Replacement,↓,Drop,"8 targets, 4/73 on the season",A ghost in the Arizona offense; droppable.
FP,3,Jalen Coker,CAR,Alpha,Great,→,,"0.26 TPRR, 0.62 XFP/route (2.5x McMillan)","Carolina's clear top receiver by every metric, though playing through ankle and quad injuries."
FP,3,Tetairoa McMillan,CAR,No. 2,Average,,,"0.18 TPRR, 0.25 XFP/route",Trails Coker by a wide margin in per-route usage but remains on the WR2 radar.
FP,3,Nico Collins,HOU,Alpha,Great,,Buy,"Top-12 FPG, tgt/G, YPRR last 2 seasons; missed 2 games (hamstring)",HOU passing offense is bottom-10 without him; could return Week 4 and is a good trade target for contenders.
FP,3,Emeka Egbuka,TB,,,↓,,Mayfield out 3+ wks; UDFA Jalon Daniels starting,Now a risky WR3 with Baker Mayfield sidelined by a dislocated thumb.
FP,3,Chris Godwin Jr.,TB,,Replacement,↓,Drop,11.1% TS through 3 weeks,Droppable given a low target share and Mayfield's absence.
FP,3,Christian Watson,GB,Starter,Elite,↑,,WR5 by XFP/G; 4 end-zone targets (T-2nd); GB +8% PROE,Blew up in Week 3 as Green Bay's newly pass-heavy approach fuels excellent volume.
FP,3,Matthew Golden,GB,Starter,Great,↑,,WR11 by XFP/G; GB +8% PROE,Blew up in Week 3 with excellent volume driven by Green Bay's pass-heavy shift.
FP,3,CeeDee Lamb,DAL,Alpha,Elite,→,,"35 targets, 23.6 FPG; 0.37 XFP/team play (4th)",Significantly outproducing Pickens on equal targets in the NFL's most pass-heavy offense.
FP,3,George Pickens,DAL,No. 2,Great,,Buy,"35 targets, 10.3 FPG, -3.4 FPG vs XFP (8th-largest gap)",Same targets as Lamb but badly underproducing his XFP; a great buy-low target.
FP,3,Rashee Rice,KC,Starter,Average,↓,,"15 targets, 10.8 XFP/G","Splitting a smaller KC pie nearly equally with Worthy and Kelce; looking like a Round 3 bust, high-end WR3 ROS."
FP,3,Xavier Worthy,KC,Starter,Average,,,"16 targets, 10.7 XFP/G, 63 yds, 0.71 YPRR",Similar usage to Rice but has done almost nothing with it; called a 'Ponzi scheme'.
FP,3,Travis Kelce,KC,Full-time,Average,→,,Three-way near-even split with Rice and Worthy,Firmly TE8 rest-of-season in a Chiefs offense that has become less pass-heavy and shallow.
FP,3,Ja'Marr Chase,CIN,Alpha,Elite,↑,,23.6 XFP/G Wks 2-3 (top-5 WR); CIN +8.6 PROE,"Usage has ticked up since Week 1 in a very pass-heavy, accurate Burrow offense."
FP,3,Tee Higgins,CIN,No. 2,Great,↑,,15.3 XFP/G Wks 2-3 (top-12 borderline),Benefits from Burrow's accuracy and Cincinnati's pass-heavy approach; on the top-12 WR usage borderline.
FP,3,KC Concepcion,CLE,Starter,Replacement,,,"8.3 XFP/G; 19 tgt for 80 yds, 4.6 aDOT; 3 of 9 catchable Wk3","Shallow, low-value targets and poor QB play; a WR4/bench stash."
FP,3,Denzel Boston,CLE,Deep threat,Replacement,,,"10.6 XFP/G, 49% air yds share (WR4); 3rd on team in tgt","Has the more valuable Browns WR role by expected points, but remains a WR4/bench stash."
FP,3,Ladd McConkey,LAC,Alpha,Great,→,,"Wk3: 84.2% routes, 5 tgt; 2nd in EPA/tgt, 0.143 1D/RR (WR8)","Back to full-time routes; trailing two teammates in targets looks like a blip, but only a ~top-18 WR ROS until LAC improves."
FP,3,Quentin Johnston,LAC,,,,,Wk3: 6 targets,Out-targeted Ladd McConkey in Week 3.
FP,3,Tre Harris,LAC,,,,,Wk3: 7 targets,"Led the Chargers' WRs with 7 targets in Week 3, ahead of McConkey."
FP,3,Terry McLaurin,WAS,Alpha,Great,↑,,"Wk3 29.0% TS; 16.6 FPG, 3.18 YPRR, 0.32 TPRR with Mariota",Thrives with Marcus Mariota under center; an every-week top-24 option as long as Mariota starts.
FP,3,Stefon Diggs,WAS,No. 2,Average,↓,,0.32 TPRR with Jayden Daniels this year,"Target edge over McLaurin flips with Mariota starting, making Diggs just a FLEX play."
FP,3,Jordan Addison,MIN,No. 2,Great,↑,,34.6% TS after Jefferson left,Commanded targets after Jefferson's exit; would be a strong WR2 if Jefferson misses time.
FP,3,Justin Jefferson,MIN,Alpha,,,,Left Wk3 early; day-to-day ankle sprain,Only day-to-day with an ankle sprain after leaving Week 3 early.
FP,3,Josh Downs,IND,Alpha,Great,,,"31.5% first-read TS (WR10), 41.1% air yds (WR13), 10.0 XFP/G (WR40)","Has a dream role but brutal variance (67% catchable rate, no EZ targets); low-end WR3 floor, top-24 upside—keep starting him."
FP,3,Rome Odunze,CHI,No. 2,Average,↓,,Bobbled a would-be TD in Wk3,Luther Burden has won the Bears' target battle; Odunze is a thin WR3.
FP,3,Luther Burden III,CHI,Alpha,Great,↑,,"Wk3 team-high 11 tgt, 27 routes; 32.8% first-read TS (top-12)",Winner of the Bears' pass-catcher debate; at least a top-18 WR moving forward.
FP,3,Kalif Raymond,CHI,Starter,Great,↑,Add,"14.3 XFP/G (WR17), 15.5 FPG (WR14), 10+ XFP every week, 2.85 YPRR",Holding a pseudo-full-time role and highly efficient; still 90% available on Yahoo—add him and consider starting as a WR3.
FP,3,Colston Loveland,CHI,Part-time,Replacement,↓,,"63.6% routes (~TE18) since Odunze returned, 6 tgt in 2 games",May not belong in starting lineups anymore given his reduced route share.
FP,3,Sam LaPorta,DET,Full-time,Great,→,,"Top-5 XFP/G, route share, EZ targets; 80%+ routes every game","Underlying usage remains very encouraging; TE5 rest-of-season behind Bowers, McBride, Kittle, and Warren."
FP,3,Tucker Kraft,GB,Receiving TE,Average,↑,Buy,71% routes Wks 2-3 (TE12); -3.2 FPG vs XFP (3 drops),Usage looks OK and spike weeks appear close in a pass-heavy GB offense; a good buy-low candidate.
FP,3,Harold Fannin Jr.,CLE,Full-time,Average,↑,,"20% & 29% TS last 2; 12.4 XFP/G, 79% routes",Leads Browns pass-catchers in XFP/G with usage worthy of a top-10 TE; fire him up this week.
FP,3,Kyle Pitts,ATL,Part-time,Replacement,↓,Drop,"59% routes (TE24), 0.11 TPRR (TE46)",Part-time player in a crowded rotation under new OC Stefanski who isn't earning targets; drop him.
FP,3,Olamide Zaccheaus,ATL,Slot,,,,Competing with Pitts for slot routes,Cutting into Kyle Pitts' slot routes in Atlanta's new offense.
FP,3,George Kittle,SF,Full-time,Elite,↑,,41.7% TS after Evans exit; 86.0% routes Wk3; 0.64 FP/RR,"Finally reached a full-time route share, which is massively impactful given his efficiency; TE3 overall ROS."
FP,3,Tyler Warren,IND,Full-time,Great,→,,"82% routes (TE3), 22% TS (TE5), 22 tgt for 89 yds, 2.09 aDOT","Phenomenal usage makes him no worse than TE4-5 ROS, though shallow targets and Daniel Jones' poor play dampen upside."
FP,3,Oronde Gadsden II,LAC,Part-time,Replacement,↓,Drop,"Wk3: 65.8% routes, 0 rec on 3 tgt with a drop",Not startable while the Chargers rotate him with fullbacks and Hayden Rucci; you can drop him.
FP,3,Kenyon Sadiq,NYJ,Part-time,,↑,Add,Wk3: 7/105/1 on 56.8% routes w/ Mitchell & M. Taylor out,Worth adding as a bench stash; route share probably isn't high enough yet to be a dependable start.
FP,3,Dalton Kincaid,BUF,Receiving TE,Great,↓,,"71.0% routes Wk3; 0.21 TPRR, 9.8 XFP/G vs Moore's 0.36/11.8","Took a backseat to D.J. Moore; don't drop him too far, but view him as merely a top-6 TE now."
FP,3,Terrance Ferguson,LA,Receiving TE,,↓,Hold,Only 8 routes Wk3; ankle sprain; 0.37 TPRR prior 2 wks (team-high),Likely out at least Week 4 but worth holding in deeper leagues; a huge winner if Nacua needs surgery.
FP,3,Tyler Higbee,LA,Receiving TE,Great,↑,,"Wk3: 20.2 FP on 16.9 XFP, 22.9% first-read TS (~TE6)",Went off in Ferguson's absence; an intriguing spot start if Nacua misses Week 4.
FP,3,Juwan Johnson,NO,Full-time,Average,→,,"4 EZ tgt (T-2nd), 3rd-most TE routes, 16.3 XFP/G (top-3), 13.6% TS (~TE17)",Top-3 production is largely an end-zone/team-volume mirage given a weak target share; a back-end TE1 until Jordyn Tyson returns.
FP,3,KhaDarel Hodge,SF,Starter (w/ Evans out),,,,Led SF WRs in routes Wk3 after Evans exit,Ran the most routes at WR for the 49ers after Mike Evans left early.
FP,3,Jacob Cowing,SF,Starter (w/ Evans out),,,,Led SF WRs in routes Wk3 after Evans exit,Ran the most routes at WR alongside Hodge with Evans out and other SF WRs on long-term injury.
ETR,3,Drake London,ATL,Alpha,Elite,↑,,"9/194 on 10 tgts, 40% TS; 0.31 TPRR from Penix in 2025","Back to alpha, no-doubt WR1 status with Penix under center after a quiet first two weeks."
ETR,3,Kyle Pitts,ATL,Receiving TE,Average,→,,"1/5 on 2 tgts, 59% snaps, 19 routes/26 db; Woerner out-snapped him",Still the pass-catching TE1 but loses 12-personnel snaps to blockers; route share and targets fall short of a real fantasy TE1.
ETR,3,Charlie Woerner,ATL,Blocking,Replacement,↑,,out-snapped Pitts in positive script,"Blocking specialist the Falcons lean on in 12 personnel, especially with a lead, eating into Pitts' snaps."
ETR,3,Matthew Golden,GB,Starter,Great,↑,,5/100/1 on 12 tgts; Golden+Watson 41.5% TS (59% Wk2),Earned double-digit targets and should see huge volume alongside Watson while Reed is sidelined.
ETR,3,Christian Watson,GB,Starter,Great,↑,,7/96/1 on 10 tgts; Golden+Watson 41.5% TS (59% Wk2),Highly productive with double-digit targets; he and Golden are set for heavy volume with Reed out.
ETR,3,Skyy Moore,GB,Rotational,Replacement,,,"27 routes, 7 tgts; out-snapped Melton 34-21",Led a WR3-by-committee approach with Reed out.
ETR,3,Bo Melton,GB,Rotational,Replacement,,,"19 routes, 1 tgt; out-snapped by S. Moore 34-21",Junior partner in Green Bay's WR3-by-committee.
ETR,3,Tucker Kraft,GB,Full-time,Great,→,,"76% snaps (98% Wk2), 8 tgts, 15.1% TS, 4/26/0","Snaps dipped on a short week off an ACL tear, but expected to be full-go in Week 4 and earn big shares with Reed out."
ETR,3,Chris Brooks,GB,Passing-down,Replacement,→,,led GB backfield with 20 routes on 55 db,Remains the clear pass-down back in a brutal backfield; hard to start any Packers RB until Jacobs returns.
ETR,3,Kaleb Johnson,GB,Committee (early-down),Replacement,,,"6 rush yds, -6 RYOE",Splits early downs with Lloyd behind a bad line and has played poorly; not startable.
ETR,3,MarShawn Lloyd,GB,Committee (early-down),Replacement,↓,,"started; 4-11 rushing, -8 RYOE; benched late 2nd straight week",Drew the start but was benched late again and ran poorly; can't feel confident starting him.
ETR,3,Josh Jacobs,GB,Contingent,,,,,Backups' poor play paves the way for Jacobs to regain a workhorse role whenever he returns.
ETR,3,Kimani Vidal,LAC,Passing-down,Replacement,↑,,"17 snaps (11 in Wks 1-2), 13 routes, 5 of 11 3rd-down snaps",Took over pass downs in the Chargers backfield.
ETR,3,Omarion Hampton,LAC,Lead,Average,↓,,"62.5% of RB carries (season low), 6 routes/38 db, 3.7 YPC",A brutal week: lowest carry share of the year and little passing-down work in a poor offense.
ETR,3,Keaton Mitchell,LAC,Committee,Replacement,↑,,"8-52 rushing, GL pop-pass TD","An upgrade: more efficient than Hampton, closing the carry gap and getting goal-line work."
ETR,3,Ladd McConkey,LAC,Starter,Average,→,,"32 routes/38 db, 5 tgts (3rd among LAC WRs)",Back to a full-time route role but only third among Chargers WRs in targets.
ETR,3,Tre Harris,LAC,Rotational,Average,↑,,6/76/0 on 7 tgts (team high); out-routed by Johnston 32-25,Led the WRs in targets and could threaten Johnston for WR2 duties with continued production.
ETR,3,Quentin Johnston,LAC,No. 2,Average,→,,out-routed Harris 32-25; bad late drop,"Still ahead of Harris in routes, but a bad drop and Harris' production put his WR2 role at risk."
ETR,3,Oronde Gadsden II,LAC,Receiving TE,Average,→,,"28 routes/38 db, 57% snaps, 0/3 tgts","Solid route participation with Kolar out, but blocking limits keep him off the field as an every-down TE, capping his ceiling."
ETR,3,Ty Johnson,BUF,Passing-down,Replacement,↑,,"8 of 10 3rd downs; out-routed Cook 13-10, out-targeted 4-1",Reinserted as Buffalo's primary pass-down back in his debut.
ETR,3,James Cook,BUF,Lead (early-down),,↓,,"out-routed 13-10, out-targeted 4-1 by T. Johnson",Ty Johnson's return to pass-down duties cuts into Cook's upside.
ETR,3,Chuba Hubbard,CAR,Workhorse,Elite,↑,Must-start,"84% snaps, 35 routes/51 db, 19 of 23 RB carries, 4 tgts",His role without Jonathon Brooks is unreal (every first-half snap); a must-start despite tougher matchups ahead.
ETR,3,Jalen Coker,CAR,Starter,,,,17 routes before leaving injured,"Left with an injury; if he misses time, Legette takes WR2 and more targets funnel to McMillan."
ETR,3,Brycen Tremayne,CAR,No. 2 (fill-in),,↑,,40 routes/51 db,Took over WR2 duties with Coker hurt and Legette out.
ETR,3,John Metchie III,CAR,Rotational,Replacement,,,29 routes (WR3),Finished third among Carolina WRs in routes.
ETR,3,Xavier Legette,CAR,Contingent,,,,missed Wk 3,Would assume WR2 duties once healthy if Coker misses time.
ETR,3,Tetairoa McMillan,CAR,Alpha,Great,→,,2/17 on 5 tgts,"Uncharacteristically quiet, but even more targets should funnel to him if Coker misses time."
ETR,3,Darren Waller,CAR,Part-time,Replacement,→,,,"Remains part-time with a possible snap/route ceiling at his age, but could become fantasy-relevant if Coker misses time."
ETR,3,KC Concepcion,CLE,Starter,Great,↑,,"2/9 on 9 tgts, 29.0% TS; 86% snaps (67% Wks 1-2), 36 routes/38 db",Rookie moved into a full-time role for the first time; production lags but the role is exciting.
ETR,3,Jerry Jeudy,CLE,Rotational,Replacement,↓,,season-low 51% snaps,Played a season-low snap rate as the clear WR3.
ETR,3,Isaiah Williams,NYJ,Starter,Replacement,↑,,"89% snaps, 42 routes/44 db, 2 tgts",Played nearly every snap with Adonai Mitchell out but drew just two targets.
ETR,3,Garrett Wilson,NYJ,Alpha,Elite,↑,,"13 tgts on 37 att, 35.1% TS (season high)",Posted his best target share of the season and should keep consolidating targets if Mitchell stays out.
ETR,3,Kenyon Sadiq,NYJ,Part-time,Average,↑,Hold/buy,"58% snaps, 25 routes/44 db, 8 tgts, 7/105/1; 0.24 TPRR",Breakout while still part-time with Taylor out; a hold/buy with monster second-half upside once he goes full-time.
ETR,3,Breece Hall,NYJ,Lead,,,,left late with quad injury,Hurt his quad; Braelon Allen could become a three-down workhorse if he misses time.
ETR,3,Braelon Allen,NYJ,Contingent,,↑,Waiver add; must-start if Hall out,"17 routes on 34 snaps, 5 of 7 3rd downs, 13 of 17 2-min snaps",Trusted on pass downs and may be a three-down workhorse if Hall misses time; must-start in that case.
ETR,3,Isaiah Davis,NYJ,Contingent,,,,0 snaps this season,Historically a trusted pass-down back but hasn't played; could mix in on pass downs if Hall is out.
ETR,3,Rashee Rice,KC,Alpha,Elite,↑,,"9 tgts on 24 att, 37.5% TS, 7/88; 7% & 13% TS Wks 1-2",Target share spiked to 37.5% after quiet first two games.
ETR,3,Chris Bell,MIA,Starter,Average,↑,,"30 routes/41 db, 7 tgts, 19.4% TS, team-high 67 yds",Played a big role with Caleb Douglas out despite a knee issue in practice.
ETR,3,Malik Washington,MIA,Alpha,Great,→,,"34 routes, 10 tgts, 27.8% TS (team highs)",Predictably led Miami in routes and targets.
ETR,3,Kevin Coleman Jr.,MIA,Rotational,Replacement,,,29 routes,The clear WR3.
ETR,3,Greg Dulcich,MIA,Receiving TE,,↑,,70.7% route participation (season high),Set a season high in route participation.
ETR,3,De'Von Achane,MIA,,,↓,,3 carries before injury; 10.6 & 12.3 PPR Wks 1-2,Suffered a torn ACL; the backfield becomes a split without one of the league's best backs.
ETR,3,Ollie Gordon II,MIA,Committee,Average,↑,Add (not aggressively),"84% snaps, 24 routes/41 db, 17 car, 3 tgts (8.3% TS)","Handled nearly everything with Wright out, but expect a two-way split once Wright returns on a bad team; hard to feel good starting him."
ETR,3,Jaylen Wright,MIA,Committee,,,,out (stinger/foot),Expected to form a split backfield with Gordon once healthy.
ETR,3,Xavier Hutchinson,HOU,Starter,Replacement,↓,,"54% snaps (81.3% Wk2), 20 routes/31 db",Playing time dropped beyond what his late injury explains.
ETR,3,Dalton Schultz,HOU,Receiving TE,Average,↓,,"out-snapped by Moreau 31-29, 21 routes/31 db, 3 tgts","Used mainly in 11 personnel; losing snaps to Moreau is discouraging, even when Houston trailed."
ETR,3,Foster Moreau,HOU,Part-time,Replacement,↑,,"out-snapped Schultz 31-29, out-targeted him 4-3",Out-snapped and out-targeted Schultz with Houston leaning on 12 personnel.
ETR,3,Jaylin Noel,HOU,Slot,Replacement,↓,,"26% snaps, 11 routes/31 db",Playing time cut with Houston using little 11 personnel.
ETR,3,Kayshon Boutte,HOU,Starter,Replacement,↑,,"26 routes/31 db, 2 tgts",Only two targets but his strongest route participation as a Texan.
ETR,3,Josh Downs,IND,Slot,Great,↓,,"68% snaps (89%/83% Wks 1-2), 33 routes/41 db, 11 tgts, 30.6% TS","Snap rate fell as Allen played more, though routes and targets stayed strong; unclear why Colts moved off him full-time."
ETR,3,Laquon Treadwell,IND,Starter,Replacement,,,79% snaps,"Filled the Alec Pierce role, though Darius Slayton could threaten it."
ETR,3,Darius Slayton,IND,Contingent,,,,,New addition who could take the Pierce role once up to speed.
ETR,3,Keenan Allen,IND,Starter,Average,↑,,73% snaps; out-snapped by Downs 102-69 in Wks 1-2,"Played more, cutting into Downs' snaps; part of a heavy target concentration with Downs and Warren."
ETR,3,Tyler Warren,IND,Receiving TE,Great,→,,9/55 on 10 tgts; 1.9 season aDOT,"Short aDOT, but he's getting volume; he, Downs and Allen drew 30 of 36 targets."
ETR,3,Rhamondre Stevenson,NE,Committee lead,Average,↑,Start (Wk 4),"out-snapped Henderson 33-23, 18-12 routes, 3/3 GL snaps, 8/10 3rd downs",Fumble punishment was brief; expect an even early-down split with him taking high-leverage snaps; better Wk 4 start.
ETR,3,TreVeyon Henderson,NE,Committee,Average,→,Hold (ROS),"out-carried Stevenson 8-7; 23 snaps, 12 routes",Back in a 50/50 rushing split; still likely the back to roster rest-of-season.
ETR,3,Brian Thomas Jr.,JAX,Rotational,Replacement,↓,,"15 routes/32 db, 23 snaps vs P. Washington's 50","Lost major playing time after Week 2 drops, with Cameron praised; he's in real trouble."
ETR,3,Parker Washington,JAX,Starter,Average,↑,,"30 routes/32 db, 50 snaps",Ran nearly every route as BTJ lost snaps.
ETR,3,Jakobi Meyers,JAX,Starter,Average,→,,29 routes/32 db,Ran 29 of 32 routes in a top-two role.
ETR,3,Josh Cameron,JAX,Rotational,,↑,,"same snaps as BTJ (23), caught a TD",Coen praised him and the team likes his blocking; his rise doesn't look like a one-game thing.
ETR,3,Elic Ayomanor,TEN,Starter,Replacement,↑,,"80% snaps, out-routed Ridley 28-10; 1/11",Took over Ridley's role but isn't fantasy-relevant.
ETR,3,Calvin Ridley,TEN,Rotational,Replacement,↓,,out-routed by Ayomanor 28-10,Lost his role to Ayomanor; not fantasy-relevant.
ETR,3,Carnell Tate,TEN,Starter,Great,→,,6/58 on 9 tgts; 25% TS 2nd straight game,"Quietly getting really good volume, limited by the passing offense."
ETR,3,Tyjae Spears,TEN,Committee,Replacement,→,,"47% snaps, 3 car; out-routed Pollard 16-11",Played through an ankle injury; carries dipped but overall playing time held up.
ETR,3,Tony Pollard,TEN,Committee lead,Average,→,,"out-carried Spears 17-3, all 4 RB tgts","Handled the carries, possibly due to Spears' ankle."
ETR,3,Cam Skattebo,NYG,Lead,Great,↑,,"out-carried Harris 20-9 (60 yds), 17 routes/26 db, 4 tgts (18.2% TS)","Became the clear primary pass-down back over Singletary, a big PPR boost, though Harris may eat into carries."
ETR,3,Najee Harris,NYG,Committee (early-down),Replacement,↑,,9-52 rushing,More effective than Skattebo and may take more of the rushing workload as he settles in.
ETR,3,Devin Singletary,NYG,,,↓,,healthy scratch,Healthy scratch after handling pass downs in Wks 1-2; Skattebo took those snaps.
ETR,3,Isaiah Likely,NYG,Full-time,Great,↑,,"84% snaps, 24 routes/26 db, 2/13 on 5 tgts","Extremely encouraging usage even with a lead, though efficiency with Winston is a concern."
ETR,3,Dohnte Meyers,CIN,Contingent,Replacement,,,"24 routes/40 db, 3/29 on 5 tgts",Got run with Iosivas and Young hurt but isn't relevant while Chase and Higgins are healthy.
ETR,3,Jaylen Warren,PIT,Workhorse,Elite,↑,,"90% snaps, 17 of 19 RB car, 26 routes/37 db, 4 tgts; 127 yds, +57 RYOE","Unbelievable role without Dowdle, and he played great; could keep it Wk 4 and even overtake Dowdle."
ETR,3,Rico Dowdle,PIT,Lead,,↓,,out,"Short week makes a Week 4 return less likely, and Warren could emerge as RB1 even once he's back."
ETR,3,Michael Pittman,PIT,Starter,Average,,,"73% snaps, 28 routes/37 db, 2/16 on 5 tgts",Returned from a foot injury in a limited role; watch whether his snaps rise.
ETR,3,Roman Wilson,PIT,Rotational,Replacement,↓,,long TD; 5 snaps after 1H drop,Effectively benched after a drop that became an interception.
ETR,3,Cooper Kupp,SEA,No. 2,Average,↑,,out-routed Shaheed 35-23; 4/46/1 on 5 tgts,Retook the WR2 role; it looks week-to-week versus Shaheed.
ETR,3,Rashid Shaheed,SEA,Rotational,Replacement,↓,,23 routes (78% route rate Wk2); 2/14 on 3 tgts,Lost the WR2 role back to Kupp in what appears to be a week-to-week battle.
ETR,3,Jadarian Price,SEA,Committee,Replacement,,,2nd fumble in 2 wks; out-snapped E. Wilson 13-9 in 2H; 6/8 2-min snaps,Fumbled again and has no goal-line role; hard to feel confident starting him.
ETR,3,Emanuel Wilson,SEA,Committee,Replacement,,,team-high 9 car; -2 yds from the 1,Led in carries during Price's benching but keeps getting stuffed at the goal line.
ETR,3,George Holani,SEA,Passing-down,Replacement,,,7 of 7 3rd-down snaps; stuffed on GL carry,Handled all third downs and got a stuffed goal-line try.
ETR,3,Zach Charbonnet,SEA,Contingent (goal-line),,,,,Should absorb the goal-line role once he returns.
ETR,3,Antonio Williams,WAS,Rotational,Replacement,↓,,3rd among WAS WRs in snaps & tgts (4); out-routed by Burks 19-10,Out-routed by Burks despite more snaps.
ETR,3,Treylon Burks,WAS,Rotational,Replacement,↑,,"out-routed A. Williams 19-10, TD",Has leapfrogged Dyami Brown on the depth chart after a Week 1 healthy scratch.
ETR,3,Dyami Brown,WAS,,,↓,,,Passed on the depth chart by Burks.
ETR,3,John Bates,WAS,Part-time,Replacement,,,37 snaps; TEs combined 4 tgts,Led a muddy TE rotation in snaps with Okonkwo out.
ETR,3,Ben Sinnott,WAS,Part-time,Replacement,,,34 snaps; TEs combined 4 tgts,Part of a muddled three-TE rotation without Okonkwo.
ETR,3,Colson Yankoff,WAS,Part-time,Replacement,↑,,"32 snaps, room-high 14 routes",TE3 who actually led the room in routes.
ETR,3,Christian McCaffrey,SF,Workhorse,Elite,→,,"out-snapped Black 45-8, out-carried 15-4, 23 routes/29 db, 5 tgts (18.5%)","Shanahan gives him a workhorse role in competitive games, though workload may be managed in blowouts."
ETR,3,Kaelon Black,SF,Handcuff,Replacement,↓,,"8 snaps, 4 car",Snap share has dropped every week.
ETR,3,Deebo Samuel Sr.,SF,Alpha,Great,↑,Start (w/o Evans),"22 routes/29 db (season high); 0 rec, 80 yds, TD",Lone healthy starter who must play extensively; a legit fantasy starter while Evans is out.
ETR,3,KhaDarel Hodge,SF,No. 2 (fill-in),Replacement,↑,,"56% snaps, 13 routes",Elevated into the WR2 role after Evans left.
ETR,3,Jacob Cowing,SF,Rotational,Replacement,,,"31% snaps, out-routed Hodge",Out-routed Hodge despite fewer snaps.
ETR,3,Jordan Watkins,SF,Rotational,Replacement,,,8 routes,Last remaining active WR.
ETR,3,George Kittle,SF,Full-time,Great,↑,,"85% snaps, 25 routes/29 db, 7 tgts (team high), 6/82/2",Ramp-up is essentially over; back in the second tier of TEs rest-of-season.
ETR,3,Jeremiyah Love,ARI,Lead,Great,↑,Buy,"out-carried Allgeier 21-2, out-targeted 5-4; 12 tgts in 3 games",Clear RB1 dominating carries in a better-than-expected offense; worth trying to buy despite closed window.
ETR,3,Tyler Allgeier,ARI,Passing-down,Replacement,↓,,"9 of 12 3rd-down snaps, 2 car, 4 tgts","Still the primary third-down back due to pass protection, but has lost the carries to Love."
ETR,3,Michael Wilson,ARI,Alpha,Elite,↑,Start,"TS 18.9%/25%/32.7% Wks 1-3; 17 tgts, 89 yds, TD",Distancing himself as the clear WR1 and looks like an every-week fantasy starter.
ETR,3,Marvin Harrison Jr.,ARI,,,↓,,,Continues to struggle as Wilson pulls away as WR1.
ETR,3,Trey McBride,ARI,Full-time,Elite,→,,,The clear target hog in Arizona; also called awesome in the TE ranks.
ETR,3,Justin Jefferson,MIN,Alpha,,,,"hurt early, didn't return",Left early; Addison should crush if he's out.
ETR,3,Tai Felton,MIN,Contingent,,↑,,out-snapped Price 32-4; 23 routes,Appears to be Jefferson's direct backup.
ETR,3,Myles Price,MIN,Contingent,Replacement,,,4 snaps,Backup for Jennings rather than Jefferson.
ETR,3,Jauan Jennings,MIN,No. 2,Average,→,,out-routed Felton 28-23,Used over Felton in 2-WR sets.
ETR,3,Jordan Addison,MIN,Alpha,Great,↑,,"9 tgts on 29 att, 31% TS, 5/90/1",Earned big targets without Jefferson and should crush a soft upcoming slate if JJ is out.
ETR,3,T.J. Hockenson,MIN,Full-time,,↑,,85% snaps (66%/69% Wks 1-2),Snap rate jumped without Jefferson.
ETR,3,Aaron Jones,MIN,Workhorse,Elite,→,,"80% snaps, 17 of 20 RB car, 20 routes/34 db, 6 tgts","Heavy workload continues; sustainability is a question, but he should keep the high-leverage touches."
ETR,3,DeeJay Dallas,MIN,Handcuff,Replacement,,,,Minnesota has failed to get him more involved.
ETR,3,Demond Claiborne,MIN,Handcuff,Replacement,,,,Minnesota has failed to get him more involved.
ETR,3,Jalen McMillan,TB,Rotational,,↓,,2 snaps,Aggravated his knee injury and barely played.
ETR,3,Ted Hurst III,TB,Starter,Average,↑,,75% snaps (led TB WRs),Now a full-time player; interesting late-season option but hurt by QB Jalon Daniels.
ETR,3,Emeka Egbuka,TB,Alpha,Great,→,,"5/62 on 9 tgts, 24.3% TS (season best)","Still the WR1, but the passing game takes a big hit with Daniels at QB."
ETR,3,Chris Godwin Jr.,TB,Starter,Average,↓,,62% snaps; 85-yd TD nullified,Snaps dipped as Tampa used more multi-TE sets.
ETR,3,Payne Durham,TB,Part-time,Replacement,↑,,55% snaps (9% Wks 1-2),Saw a big snap jump as TB used more multi-TE sets.
ETR,3,Travis Etienne,NO,Lead,,↑,,10 of 12 RB car in 1H before hamstring injury,Came out as the clear starter before leaving with a hamstring injury.
ETR,3,Alvin Kamara,NO,Committee,,→,,out-carried K. Miller 9-4,The RB2; likely a split with Miller if Etienne misses time.
ETR,3,Kendre Miller,NO,Committee,Replacement,,,4 car,Would likely split work with Kamara if Etienne misses time.
ETR,3,CJ Donaldson,NO,Passing-down,,,,,Remains the clear pass-down back.
ETR,3,Juwan Johnson,NO,Part-time,Average,,,"62% snaps, 32 routes/45 db, 8/53/2",Usage not great despite the productive day.
ETR,3,Brock Bowers,LV,Receiving TE,Elite,↑,,"10/116/1 on 13 tgts, 39.4% TS; 35 routes/38 db, 79% snaps","Back and better than ever, used mainly as a WR; TE1 rest-of-season with snap rate expected to rise."
ETR,3,Michael Mayer,LV,Full-time,Average,→,,"87% snaps, 29 routes/38 db",Remains heavily involved in 2-TE sets; team values him alongside Bowers.
ETR,3,Ashton Jeanty,LV,Workhorse,Elite,→,,"23 routes/38 db, 3 tgts; 3.3 YPC","Still a workhorse with a terrific pass role, but the rushing role bears watching given his inefficiency."
ETR,3,Mike Washington Jr.,LV,Handcuff,Replacement,↑,,"6.8 YPC, long TD",Playing well enough that the team could dial back Jeanty's rushing role.
ETR,3,Zay Flowers,BAL,Alpha,Great,↑,,"33% snaps, 14 routes, 5/84 on 6 tgts; 234 yds on 29 routes",Game-time decision who still produced; expected full-go Week 4 and a clear WR1 rest-of-season.
ETR,3,Kyren Williams,LA,Lead,Great,→,,"71% snaps, out-carried Corum 15-6, +34 RYOE","Looked great, but the Rams likely return to a drive-by-drive rotation; monitor for a bigger workload."
ETR,3,Blake Corum,LA,Committee,Replacement,,,6 car,"Part of a rotation the Rams trust, likely to continue."
ETR,3,Tyler Higbee,LA,Contingent,,↑,,"71% snaps, 47 routes/61 db, 8/62/1 on 11 tgts","Big game with Ferguson/Parkinson hurt, but irrelevant unless both TEs (and Puka) are out."
ETR,3,Terrance Ferguson,LA,,,,,ankle aggravated,Re-injured his ankle; would be the WR2-level option if healthy.
ETR,3,Colby Parkinson,LA,,,,,"shoulder, questionable to return","Limited by a shoulder injury, opening snaps for Higbee."
ETR,3,Konata Mumpfield,LA,No. 2,Average,↑,,"46 routes/61 db, 4/93/1 on 8 tgts",Seemingly the WR2 with Puka out and next in line if Puka and Ferguson both miss.
ETR,3,Xavier Smith,LA,Rotational,Replacement,↑,,"out-routed Whittington 32-15, 0 tgts",Ahead of Whittington on the depth chart.
ETR,3,Jordan Whittington,LA,Rotational,Replacement,↓,,"15 routes, WR4",Returned but was the WR4 behind Mumpfield and Smith.
ETR,3,J.K. Dobbins,DEN,Lead (early-down),Average,→,,"out-carried Harvey 17-2; 5 routes, 2 tgts; 3.5 YPC, -0.5 RYOE/att","Holds the carries with Coleman out, but has struggled as a runner."
ETR,3,RJ Harvey,DEN,Passing-down,Replacement,,,"out-routed Dobbins 16-5, out-targeted 7-2; 5 car on season","Handles pass-game work; more carries possible if Dobbins stays inefficient, though not expected."
ETR,3,Tyler Badie,DEN,Passing-down,Replacement,,,,Played some clear passing downs.
ETR,3,Jonah Coleman,DEN,Contingent,,,,out (high ankle sprain),Could become interesting late in the year after returning from injury.
Gretch,3,Bijan Robinson,ATL,Workhorse,Elite,→,Signal,"31 touches, 213 yds, 7 MTF, +78 RYOE, 7 GZT","Such a special runner who dominated production in a concentrated, run-heavy Falcons offense."
Gretch,3,Drake London,ATL,Alpha,Elite,→,Signal,"10 tgt, 42% TPRR, 1.03 WOPR",Dominated the downfield receiving work in a highly concentrated offense.
Gretch,3,Kyle Pitts,ATL,Full-time,Average,→,Noise,"1 rec, 76% routes","Only one catch, but his route share was fine, so the dud is noise."
Gretch,3,Brian Robinson,ATL,Handcuff,Replacement,→,Noise,11.0 PPR pts,"The Falcons' extreme rush rate left more RB2 work than usual, plus fortunate TD sequencing."
Gretch,3,Christian Watson,GB,Starter,Great,→,Signal,"10 tgt, TD",Earned 10 targets with strong efficiency and another TD despite a broken Packers offense.
Gretch,3,Matthew Golden,GB,Starter,Great,↑,Signal,"12 tgt, 199 air yds, 0.67 WOPR, long DPI","Earned big downfield volume, plus a long DPI, in an 85.7% pass-rate game."
Gretch,3,Tucker Kraft,GB,Receiving TE,Great,→,Noise,"8 tgt, 26 yds, drops","Only 26 yards came from a couple of drops, not a lack of targets."
Gretch,3,DJ Moore,BUF,Alpha,Elite,↑,Signal,"10-6-67, 127 air yds, 46% TPRR, 1.24 wTPRR, 0.87 WOPR","Played through a shoulder issue and looked like the clear No. 1, just missing an end zone shot."
Gretch,3,James Cook,BUF,Early-down,Great,→,Signal,"24-154-1, 0 rec",Great as a rusher; Bills use him for rushing and give the receiving work to Ty Johnson.
Gretch,3,Ty Johnson,BUF,Passing-down,Average,↑,Signal,"42% routes, 4-4-50","Stepped right into a real receiving role in his season debut, as the Bills give RBs touches that fit the offense."
Gretch,3,Dalton Kincaid,BUF,Receiving TE,Average,→,Noise,"3 tgt, 3-2-38, fumble",Quieter game but still looked untackleable on his big catch-and-run before fumbling.
Gretch,3,Ladd McConkey,LAC,Alpha,Great,→,Signal,5-4-66,"Still the clear top Chargers target again, though not a huge game."
Gretch,3,Quentin Johnston,LAC,Starter,Average,↓,Signal,"6-3-40, key 3rd-down drop","Bad again, loses contested balls and dropped a key third down; he's floundering."
Gretch,3,Tre Harris,LAC,No. 2,Average,↑,Signal,7-6-76,Best game as a pro and a solid pickup to see if he builds on it with Johnston floundering.
Gretch,3,Oronde Gadsden II,LAC,Receiving TE,Average,↑,Signal,"68% routes (14% Wk1, 42% Wk2)","Quiet box score, but his routes were way up amid the Chargers' TE injuries."
Gretch,3,Omarion Hampton,LAC,Committee lead,Average,↓,Signal,"42% snaps (57%, 63% Wk1-2), 15-56","Snaps cratered, possibly from an awkward early hit or a poor fit for the outside-zone scheme."
Gretch,3,Keaton Mitchell,LAC,Committee,Average,↑,Signal,"8-52, 3-3-(-5)-1","Looked like a much better scheme fit and the explosive-play guy, scoring on a jet-motion pass."
Gretch,3,Kimani Vidal,LAC,Committee,Replacement,↑,Signal,27% snaps (never >10% before),"Got an early carry and played far more than before, raising health or fit questions for Hampton."
Gretch,3,Harold Fannin Jr.,CLE,Full-time,Elite,→,Signal,"79% routes, 9-7-51-2","Was the star, very good on a 79% route share and caught both Browns TDs including the winner."
Gretch,3,Quinshon Judkins,CLE,Early-down,Average,→,Signal,"18-70, +7 RYOE","Ran better this week as Cleveland tried to establish him early, but Sanders limits his passing work."
Gretch,3,Raheim Sanders,CLE,Passing-down,Replacement,→,Signal,"42% routes, 5 tgt","Still playing a lot on passing downs in the Dylan Sampson role, limiting Judkins."
Gretch,3,KC Concepcion,CLE,Starter,Great,→,Noise,"9 tgt, 2 rec",Saw plenty of volume but Watson missed throws to him; the 2 catches are noise.
Gretch,3,Denzel Boston,CLE,Starter,Average,→,Noise,"4-2-41, DPI, 2-pt conv","Drew a DPI, lost a catch to a hold and caught a 2-pointer, so the day beat his line."
Gretch,3,Jerry Jeudy,CLE,Starter,,↓,Signal,,"A veteran Gretch hoped would play a decent role who has had an unceremonious, fragile start."
Gretch,3,Chuba Hubbard,CAR,Workhorse,Great,→,Signal,"84% snaps, 62% routes, 19-82, 4-4-28",Continues to dominate the Panthers' backfield.
Gretch,3,Darren Waller,CAR,Receiving TE,Average,↑,Signal,"56% routes, 29% TPRR, 8 tgt",Routes rose only slightly but he continues to flash real receiving upside.
Gretch,3,Brycen Tremayne,CAR,Contingent,Average,↑,Signal,"6-4-83, 108 air yds",Was solid picking up the air yards in place of the injured Coker.
Gretch,3,Jalen Coker,CAR,Starter,,,Noise,"34% routes (injury), 4-2-18",Left early with injury after looking like his hot Weeks 1-2 self.
Gretch,3,Tetairoa McMillan,CAR,Alpha,Average,→,Noise,5-2-17,Drew all the defensive attention with Coker off the field as targets went elsewhere.
Gretch,3,Jahmyr Gibbs,DET,Workhorse,Elite,→,Signal,"27 touches, 10 HVT, 3 GZT, 7 MTF, +18 RYOE, 42% TPRR",A superhero: perfect usage plus elite efficiency; the most important thing in fantasy football.
Gretch,3,Sione Vaki,DET,Handcuff,Replacement,↑,Signal,"30% snaps, 7 touches","Spelled Gibbs more and earlier as the clear No. 2, without limiting Gibbs."
Gretch,3,Amon-Ra St. Brown,DET,Alpha,Elite,→,Noise,"8 tgt, 19 yds, TD",Low yardage is atypical; he made a green-zone fade TD look easy.
Gretch,3,Jameson Williams,DET,Starter,Average,↓,Signal,"4-4-49, 4 tgt in back-to-back wks (9 in Wk1)",Growing concern: long stretches without involvement despite the team saying it wants to feature him.
Gretch,3,Sam LaPorta,DET,Full-time,Average,→,Noise,"4-3-44, end zone drop",Got early checkdown work and dropped an end zone target before half.
Gretch,3,Isaac TeSlaa,DET,Rotational,Replacement,→,Noise,"3-3-66, 49-yd catch",Solid on his targets with a key 49-yard catch-and-run; useful if productive in his role.
Gretch,3,Kenyon Sadiq,NYJ,Receiving TE,Great,↑,Signal,"8-7-105-1, 57% routes (46%, 40% prior)","Massive breakout; the production is the key, routes likely health-capped and should rise."
Gretch,3,Garrett Wilson,NYJ,Alpha,Elite,→,Signal,"13 tgt, 31% TPRR, 10-107-1",A very impressive No. 1 day with several big contested catches; got a little banged up late.
Gretch,3,Breece Hall,NYJ,Lead,Great,,Signal,"13-32, 3-3-23, 2 GZ touches before injury",Was playing way more than Allen with exciting usage until an injury that rules him out Week 4.
Gretch,3,Braelon Allen,NYJ,Lead,Great,↑,Signal,played nearly every snap after Hall exit,Likely the clear lead back with Hall already ruled out for Week 4.
Gretch,3,Jeremy Ruckert,NYJ,Part-time,Replacement,→,Noise,"5-5-39-1, 34% routes","Strong, interesting day but just 34% routes, so noisy; a different TE type than Sadiq."
Gretch,3,Mason Taylor,NYJ,Contingent,,↓,Signal,out Wk3,Would be absurd for him to stand in the way of Sadiq once healthy.
Gretch,3,Adonai Mitchell,NYJ,Contingent,,↓,Signal,out Wk3,His absence helped Sadiq emerge; shouldn't block Sadiq's growing role when back.
Gretch,3,Josh Downs,IND,Starter,Great,↑,Signal,"11 tgt, 172 air yds, 0.88 WOPR, 15.6 aDOT",Great to see him get downfield work in a concentrated three-man target tree.
Gretch,3,Tyler Warren,IND,Full-time,Elite,→,Signal,"10-9-55, 2.8 aDOT","Big volume with designed short-area touches, but would like more air yards."
Gretch,3,Keenan Allen,IND,No. 2,Great,→,Signal,9-6-63-1,Solid usage as the third of a concentrated three main targets.
Gretch,3,Jonathan Taylor,IND,Workhorse,Elite,→,Noise,"23-68, -39 RYOE","Tough game as Houston sold out vs. the run, but that's not common for him."
Gretch,3,David Montgomery,HOU,Early-down,Average,→,Noise,"11-33, 2-2-15","Houston tried to build through him early, but he's just David Montgomery."
Gretch,3,Woody Marks,HOU,Goal-line,Replacement,,Noise,5-15-1,Had a couple solid green zone runs to score the late go-ahead TD.
Gretch,3,Dalton Schultz,HOU,Receiving TE,Average,↓,Noise,3-3-30,Surprisingly quiet; easy for the Colts to take away that kind of player.
Gretch,3,Kayshon Boutte,HOU,Starter,Replacement,,Noise,"2-2-21, led team in routes",Led the Texans in routes but wasn't targeted until under three minutes left.
Gretch,3,Jared Wayne,HOU,Rotational,Replacement,,Noise,4-1-20,Got some rotational volume in an unconcentrated Texans passing game.
Gretch,3,Jaylin Noel,HOU,Rotational,Replacement,,Noise,"2-2-17, 1-8",Got some rotational volume in an unconcentrated Texans passing game.
Gretch,3,Bhayshul Tuten,JAX,Lead,Great,→,Signal,"17 touches, 90 yds, +15 RYOE, late GZT","Awesome all game and remains the clear lead back, though other backs are involved."
Gretch,3,Chris Rodriguez Jr.,JAX,Goal-line,Replacement,,Signal,8-37-1,"Got a green-zone TD off a turnover, one of the other backs involved behind Tuten."
Gretch,3,Parker Washington,JAX,Starter,Average,↑,Signal,"5-3-40-1, 3 EZ tgt",Earned three end zone targets and scored; he's been a stud.
Gretch,3,Jakobi Meyers,JAX,Starter,Average,↑,Signal,8-7-64-1,Solid day vs. former team; normal variance after 3 targets in Weeks 1-2 from a productive player.
Gretch,3,Brian Thomas Jr.,JAX,Starter,Replacement,↓,Noise,"45% routes, 1-1-8",Routes plunged without a known injury; seems like there has to be something going on.
Gretch,3,Mack Hollins,NE,Alpha,Great,↑,Signal,"9-6-87, 120 air yds, 0.35 TPRR","Clear No. 1 in usage and production, which says a lot about the Patriots' passing game."
Gretch,3,Romeo Doubs,NE,Starter,Replacement,→,Noise,"4-3-49, OPI",Just generally Romeo Doubs; lost a catch to OPI and his longest came in garbage time.
Gretch,3,DeMario Douglas,NE,Rotational,Replacement,,Noise,"5-1-38, drop","A long catch, then a drop and a missed deep shot; part of a receiving corps offering no help."
Gretch,3,Kyle Williams,NE,Rotational,Replacement,,Noise,3-1-34,Stepped out of bounds on a long catch and didn't fight on an INT; the receiving corps is a joke.
Gretch,3,A.J. Brown,NE,Contingent,,,Signal,out,"Hopefully returns healthy, because he could really close strong for a WR room that needs him."
Gretch,3,Rhamondre Stevenson,NE,Committee lead,Average,→,Noise,"7-22, 3-3-16, 10 touches","Started and played more snaps/routes, but touches split ~50/50; backs need a better offense."
Gretch,3,TreVeyon Henderson,NE,Committee,Average,→,Noise,"8-23, 1-1-6, 9 touches",Got nearly even touches with Stevenson; both need a more functional offense.
Gretch,3,Corey Kiner,NE,Contingent,Replacement,,Noise,"7 touches, all garbage time",All of his work came in garbage time with DeVito at QB.
Gretch,3,Kenneth Walker III,KC,Lead,Great,→,Signal,"18-70-1, 2-2-3-1, 4 GZT, 5 MTF, +16 RYOE",Fewer touches in a low-play game but scored twice with strong green-zone usage.
Gretch,3,Emmett Johnson,KC,Handcuff,Replacement,→,Signal,6-17,Didn't do much but continues to be the clear No. 2.
Gretch,3,Rashee Rice,KC,Alpha,Great,→,Signal,"9 tgt on 18 routes, 50% TPRR, 9-7-88",A clear focal point of the passing attack with quick-hit work early.
Gretch,3,Xavier Worthy,KC,Starter,Average,↓,Signal,2-2-20,"Doomer take: he may get phased out, with Tyreek Hill possibly taking his reps later."
Gretch,3,Tyreek Hill,KC,Contingent,,,Signal,not active,"A deep-league stash only; a long way off, but could be massive if he returns healthy."
Gretch,3,Tyquan Thornton,KC,Rotational,Replacement,,Signal,2-2-22,"Got another underneath look, something Gretch is watching, but only two targets."
Gretch,3,Jalen Royals,KC,Rotational,Replacement,,Noise,"12% routes, 1-1-11",Caught a pass but ran just 12% routes.
Gretch,3,De'Von Achane,MIA,Workhorse,Elite,↓,Signal,"3-17, season-ending injury","Lost for the season, leaving a massive hole; a fun buy-low next year."
Gretch,3,Ollie Gordon II,MIA,Workhorse,Elite,↑,Noise,"82% snaps, 60% routes, 20 touches, 55 yds","Got all the work after Achane left with Wright out, but lacks explosiveness; be restrained."
Gretch,3,Jaylen Wright,MIA,Contingent,,,Noise,out Wk3,Out this week; could take boundary speed work and is worth adding at a reasonable cost.
Gretch,3,Malik Washington,MIA,Starter,Great,↑,Signal,"81% routes, 10 tgt, 2 backfield carries",The short-term plan to replace Achane's playmaking; as good a short-term bet as any.
Gretch,3,Chris Bell,MIA,Rotational,Average,↑,Signal,"7-4-67, 44-yd catch",Rookie looked really good in the open field on a 44-yard catch-and-run.
Gretch,3,Kevin Coleman Jr.,MIA,Rotational,Replacement,,Signal,"55% routes, 4-1-3","A third rookie in the mix, which could leave the offense unconcentrated."
Gretch,3,Caleb Douglas,MIA,Contingent,,,Signal,out Wk3,"The rookie who'd been good so far, a longer-term bet once back."
Gretch,3,Greg Dulcich,MIA,Receiving TE,Average,,Noise,"7-5-55, 42-yd catch",One explosive made up the bulk of his day.
Gretch,3,Cam Skattebo,NYG,Workhorse,Great,↑,Signal,"78% snaps, 69% routes (27%, 47% prior), 20-60, 4-3-40","Clear lead with a route spike, and he even led the team in air yards."
Gretch,3,Najee Harris,NYG,Handcuff,Replacement,,Noise,9-52,"Looked OK working behind Skattebo, but still coming back from an Achilles."
Gretch,3,Devin Singletary,NYG,Contingent,,↓,Noise,healthy scratch,Was a healthy scratch.
Gretch,3,Malik Nabers,NYG,Alpha,Great,→,Noise,"6-5-26, 5 air yds","Led the team in targets; low air yards were game flow, weather and a lack of passing."
Gretch,3,Isaiah Likely,NYG,Full-time,Great,→,Signal,85% routes,Continues to establish he's a full-time pass-catcher.
Gretch,3,Darnell Mooney,NYG,Rotational,Replacement,→,Noise,3-2-20,Played an ancillary role in a 22-attempt passing game.
Gretch,3,Malachi Fields,NYG,Rotational,Replacement,→,Noise,2-2-19,Played an ancillary role in a 22-attempt passing game.
Gretch,3,Wan'Dale Robinson,TEN,Alpha,Great,→,Signal,"11 tgt, 38% TPRR, 7-57-1","The obvious focal point, though maybe a revenge-game element."
Gretch,3,Carnell Tate,TEN,Starter,Great,↑,Signal,"9 tgt, 102 air yds, EZ tgt",Definitely an improvement game; Gretch admits he undersold his antifragile upside.
Gretch,3,Elic Ayomanor,TEN,Starter,Average,↑,Signal,75% routes (54% Wk2),His route share jumped after a solid Week 2 while Ridley faded.
Gretch,3,Calvin Ridley,TEN,Rotational,Replacement,↓,Signal,"25% routes, 1 tgt, drop","Down to 25% routes and dropped his one target; a fragile veteran, he's dust."
Gretch,3,Gunnar Helm,TEN,Part-time,Replacement,,Noise,4-2-14,"Got a few looks, but it was mostly Wan'Dale and Tate."
Gretch,3,Tony Pollard,TEN,Lead,Average,→,Signal,"17-74, 4-4-22","Dominated Spears on touches despite closer snaps, in a backfield that isn't fantasy-viable."
Gretch,3,Tyjae Spears,TEN,Committee,Replacement,,Signal,"3-5, 44% routes, 0 tgt",Ran routes on 44% of dropbacks yet wasn't targeted.
Gretch,3,Jaylen Warren,PIT,Workhorse,Elite,↑,Signal,"92% snaps, 67% routes, 9 MTF, +57 RYOE, 176 scrim yds",Sensational with a huge role with Dowdle out; also lost a 90-yard run to a questionable hold.
Gretch,3,Lew Nichols III,PIT,Handcuff,Replacement,,Noise,1 GZ touch,His green-zone touch came only because Warren needed a blow.
Gretch,3,Roman Wilson,PIT,Starter,Average,↓,Noise,"47% routes (87% Wk2), 6-3-60-1",Routes fell after a tipped INT; unclear if he's in Rodgers' doghouse.
Gretch,3,Germie Bernard,PIT,Rotational,Replacement,↓,Noise,25% routes,Back to a 25% route share.
Gretch,3,DK Metcalf,PIT,Alpha,Average,→,Noise,"5 tgt, 94% routes, TD","A bit of a lull in targets, but still ran 94% routes."
Gretch,3,Pat Freiermuth,PIT,Part-time,Replacement,↓,Signal,58% routes (72% Wk1),Second straight game under 60% routes after a promising Week 1; not an ideal role.
Gretch,3,Ja'Marr Chase,CIN,Alpha,Elite,→,Signal,"12 tgt, 31% TPRR, 9-98-1",Peppered early and often in a concentrated Bengals passing game.
Gretch,3,Tee Higgins,CIN,No. 2,Great,→,Signal,7-6-90-1,"Has been really good so far, and lost another nice catch to an illegal formation."
Gretch,3,Mike Gesicki,CIN,Part-time,Replacement,,Noise,2 TD on 10 tgt thru 3 wks,The TD rate makes him seem more viable than he is; maybe a deep-league option.
Gretch,3,Dohnte Meyers,CIN,Contingent,Replacement,↑,Noise,5-3-29,Picked up targets after Colbie Young's knee injury; ancillary pieces here are tough.
Gretch,3,Chase Brown,CIN,Workhorse,Great,→,Signal,"13-61, 2-2-8","Dominated backfield volume, as usual."
Gretch,3,Samaje Perine,CIN,Handcuff,Replacement,→,Signal,"3-9, 3-1-5","Mixed in behind Brown, as usual."
Gretch,3,Terry McLaurin,WAS,Alpha,Great,↑,Signal,9-6-77-1,Efficiency rebounded in a big way from Week 2; quite good.
Gretch,3,Stefon Diggs,WAS,No. 2,Average,→,Noise,7-4-33,Had a few moments but an inefficient final line.
Gretch,3,Antonio Williams,WAS,Rotational,Replacement,↓,Signal,"26% routes (52% Wk2), 4 tgt",Routes flipped back to Week 1 levels; cuttable in shallower leagues if they stay low.
Gretch,3,Jacory Croskey-Merritt,WAS,Committee lead,Average,→,Noise,"20 touches, 2 HVT, -31 RYOE, 48-yd run negated","Commanders tried to get him going, but he faded; real TRAP concerns."
Gretch,3,Rachaad White,WAS,Committee,Average,↑,Signal,"8-35, 1-1-6-1",Caught a receiving TD and got late carries to ice the game.
Gretch,3,Jaxon Smith-Njigba,SEA,Alpha,Elite,→,Signal,"14-10-128-2, 36 tgt thru 3 wks",Ridiculous superstar; a couple of drops don't matter.
Gretch,3,Jadarian Price,SEA,Committee,Replacement,↓,Noise,"25% snaps, 5 carries, lost fumble",Benched after a second straight fumble but clearly the best healthy RB; a buy-low.
Gretch,3,Emanuel Wilson,SEA,Committee,Average,,Signal,9-14,"Really struggled to find space, lacks burst on outside runs, and continued his green zone woes."
Gretch,3,George Holani,SEA,Passing-down,Replacement,,Noise,5-5-48,Passing-down spike game in trail script; can't be counted on but could recur.
Gretch,3,AJ Barner,SEA,Receiving TE,Average,,Noise,9-5-69,"Had a nice day on TE screens, boosted by Seattle's unusual pass volume."
Gretch,3,Tory Horton,SEA,Rotational,Replacement,,Noise,3-3-48,Had a couple nice downfield plays on in-breakers amid the added pass volume.
Gretch,3,Rashid Shaheed,SEA,Starter,Replacement,↓,Signal,3-2-14,Couldn't even earn volume in a 46-attempt game.
