source,week,player,team,opp,outlook_tier,stance,blurb
Kerrane,3,Kenneth Walker III,KC,@MIA,Elite,Start,"Dolphins run D middling, and a 21% target share insulates him even if the rushing dips; elite RB1"
Kerrane,3,De'Von Achane,MIA,KC,Great,Start,"Chiefs don't look good against the run and Miami will try to run it; elite usage last week; low-end RB1"
Kerrane,3,Omarion Hampton,LAC,@BUF,Average,,"Bills vulnerable on the ground, but if Buffalo forces a chase his thin receiving role could disappoint; low-end RB2"
Kerrane,3,James Cook,BUF,LAC,Great,Start,"Chargers run D looks solid but has only faced ARI and LV; 7.5-point home favorite; RB1"
Kerrane,3,TreVeyon Henderson,NE,@JAX,Replacement,Start-lean,"Jaguars rank 28th in run-stop win rate, so whoever runs should hit; prefers Henderson; RB3"
Kerrane,3,Rhamondre Stevenson,NE,@JAX,Replacement,,"Good run matchup; more likely to lead in raw carries; RB3"
Kerrane,3,Bhayshul Tuten,JAX,NE,Replacement,,"Patriots run D numbers built on weak opponents; three-way committee; high-end RB3"
Kerrane,3,Chuba Hubbard,CAR,@CLE,Average,Start,"Browns unimpressive against the run; Brooks out so the touches consolidate; high-end RB2"
Kerrane,3,Quinshon Judkins,CLE,CAR,Replacement,,"Panthers run D below average at best; a bet on better rushing efficiency; high-end RB3"
Kerrane,3,Breece Hall,NYJ,@DET,Average,Start,"Lions run D is a clear weakness and he can handle negative script; high-end RB2"
Kerrane,3,Jahmyr Gibbs,DET,NYJ,Elite,Start,"Jets run D numbers inflated by weak backs faced; elite RB1"
Kerrane,3,David Montgomery,HOU,@IND,Replacement,,"Colts as bad against the run as the pass; expect HOU to lean on the run; TD-dependent high-end RB3"
Kerrane,3,Woody Marks,HOU,@IND,Replacement,,"Same soft run matchup; RB4"
Kerrane,3,Jonathan Taylor,IND,HOU,Elite,Start,"Texans have held up against the run; toughest test yet but elite workload; locked-in RB1"
Kerrane,3,Tony Pollard,TEN,@NYG,Replacement,,"Good matchup but a 17.75 implied total; RB3"
Kerrane,3,Cam Skattebo,NYG,TEN,Average,Start,"Titans run D untested; more 8-man boxes without Dart; low-end RB2"
Kerrane,3,Chase Brown,CIN,@PIT,Average,Start,"Steelers run D middle of the road; volume bet with 87% of carries; high-end RB2"
Kerrane,3,Jaylen Warren,PIT,CIN,Great,Start,"Bengals very good against the run and may be a pass funnel; receiving volume with Dowdle in a boot; low-end RB1"
Kerrane,3,Jadarian Price,SEA,@WAS,Replacement,,"Commanders solid against the run; bet on 7.5-point-favorite script; high-end RB3"
Kerrane,3,Rachaad White,WAS,SEA,Replacement,,"Seahawks may have the best run D in the league; negative-script bet; RB4"
Kerrane,3,Jacory Croskey-Merritt,WAS,SEA,Replacement,,"Brutal run matchup and a shrinking role; RB4"
Kerrane,3,Jeremiyah Love,ARI,@SF,Average,Start,"49ers run D not fearsome and may be a run funnel; role grew last week; potential statement game; low-end RB2"
Kerrane,3,Christian McCaffrey,SF,ARI,Elite,Start,"Unimpressive Cardinals run D; still a prolific receiver with goal-line work; high-end RB1"
Kerrane,3,Aaron Jones,MIN,@TB,Average,Start,"Solid Bucs run D; still the lion's share with Mason out; RB2"
Kerrane,3,Bucky Irving,TB,MIN,Average,Start,"Impressive Vikings run D fresh off stopping the Bears; high-end RB2"
Kerrane,3,Ashton Jeanty,LV,@NO,Elite,Start,"Saints have been good against the run, but the volume isn't in question; Bowers return helps the ceiling; high-end RB1"
Kerrane,3,Travis Etienne,NO,LV,Replacement,,"Raiders good against the run; 43.5 total and a hamstring; RB3"
Kerrane,3,Derrick Henry,BAL,DAL,Elite,Start,"Cowboys poor against the run in a 52.5-point game; high-end RB1"
Kerrane,3,Javonte Williams,DAL,BAL,Great,Start,"Ravens more vulnerable on the ground than through the air; fairly TD-dependent; low-end RB1"
Gretch,3,Omarion Hampton,LAC,@BUF,,Start,"No idea what to expect from the Chargers, but you're playing Hampton"
Gretch,3,TreVeyon Henderson,NE,@JAX,,Volatile,"Would project a near split with Stevenson more touches; Henderson is the input-volatility play if your options are weak"
Gretch,3,Rhamondre Stevenson,NE,@JAX,,,"If one back gets more touches it's probably still Stevenson"
Gretch,3,Bhayshul Tuten,JAX,NE,,Start,"Very solid play; worked into a nice spot among the dead-zone RBs with Rodriguez fading"
Gretch,3,Jaylen Warren,PIT,CIN,,Start,"Good play with Dowdle out, and likes the Steelers to throw a lot again"
Gretch,3,Jadarian Price,SEA,@WAS,,Start,"Expects SEA positive script and plenty of runs; Price is a solid play despite the split questions"
Gretch,3,Jeremiyah Love,ARI,@SF,,Start,"Still very in the tank after Week 1; expects a solid game"
Gretch,3,Aaron Jones,MIN,@TB,,Start,"The spot to play him while Mason is out"
Gretch,3,Bucky Irving,TB,MIN,,Start,"Still a play, but Flores' blitzing may keep RBs in to block and cut his receiving"
Gretch,3,D'Andre Swift,CHI,PHI,,Start,"Remains a good play; a well-orchestrated run game Ben Johnson will lean on"
Gretch,3,Travis Etienne,NO,LV,,Borderline,"Fine to sit with good options, fine to start if it's close; Saints at home in the dome"
Gretch,3,RJ Harvey,DEN,LA,,Start-lean,"Underrated volatility play: Dobbins looked sluggish, and any reinjury means a ton of Harvey"
